{"n_features": 6, "constraints": [0, 0, -1, -1, -1, -1], "rescale_min": [0.0, 0.019576940685510635, -9.967638728623625, -4.996047528900929, -4.996816148580615, -2.9929434499138843], "rescale_max": [1.7967907190322876, 2.1998016834259033, 2.124419440650319, 0.37722801884986557, 0.2210370802868239, 9.495070802576809], "sigmanet.sigma": [2.299999952316284], "sigmanet.nn.0.bias": [-1.06624436378479, 0.5750585198402405, -1.1806617975234985, -0.5550356507301331, 0.6737323999404907, 0.48465996980667114, -0.5870184302330017, 1.3728585243225098, -0.15605032444000244, -0.024901574477553368, 0.2671233117580414, -0.8454411625862122], "sigmanet.nn.0.sigma": [2.299999952316284], "sigmanet.nn.0.weight_orig": [[0.14765731990337372, -0.7411929965019226, 0.6447840332984924, 0.14144130051136017, 0.7484272718429565, 0.3331174850463867], [-0.1417764276266098, 0.1379891335964203, -1.1450480222702026, -0.25643616914749146, 1.105520248413086, -0.48307979106903076], [1.1158018112182617, -1.1181647777557373, 1.125852346420288, 0.28105396032333374, 0.17348229885101318, 0.046976275742053986], [-1.1933798789978027, -1.4580941200256348, 0.8392825126647949, 0.6869935989379883, 0.6125500202178955, 0.5690262913703918], [-0.27368348836898804, 0.25601330399513245, -1.6717673540115356, 0.6120826601982117, -0.06611336767673492, 0.2761813700199127], [0.4426410496234894, -0.463113397359848, -1.9725666046142578, 0.6188566088676453, 0.3882383704185486, 0.39490145444869995], [-0.19200067222118378, 1.5630788803100586, -0.198374405503273, 0.1105981320142746, -0.11518022418022156, -0.04682972654700279], [-0.13921202719211578, -2.299999952316284, -0.41559821367263794, -0.21670345962047577, -0.15478946268558502, 0.13929100334644318], [0.078400619328022, -1.680065393447876, 0.006543879862874746, 0.34484800696372986, 0.7363603115081787, -0.012250274419784546], [-0.07808490842580795, 0.05753878131508827, -0.04859854280948639, 0.39730408787727356, -0.10706103593111038, -0.08387495577335358], [-1.1917260885238647, -0.27584758400917053, 1.0410373210906982, -0.12687288224697113, -0.4690791666507721, 0.1371370553970337], [1.920634388923645, 0.6136258244514465, -0.3050903379917145, 0.35178104043006897, 0.5480596423149109, -0.3401486277580261]], "sigmanet.nn.1.bias": [0.15135885775089264, -0.17605550587177277, -0.38639897108078003, -0.06934086978435516, 0.35726720094680786, -0.7313456535339355, 0.7116122245788574, -1.195786476135254, -0.2265220433473587, 0.7415652275085449, -0.9215375185012817, 0.055424802005290985], "sigmanet.nn.1.sigma": [2.299999952316284], "sigmanet.nn.1.weight_orig": [[-0.949669599533081, 0.3162032961845398, -1.6679643392562866, 0.2672273814678192, -0.8354396820068359, -0.5928083062171936, 0.8196674585342407, -0.5497449636459351, -0.13058479130268097, 0.21189159154891968, 0.6116304993629456, -0.7444652318954468], [0.21009008586406708, 0.9303723573684692, 1.8530738353729248, 0.31644096970558167, 0.24168601632118225, -0.3357160985469818, -1.2888349294662476, 0.03644225001335144, 0.9327348470687866, -0.036437273025512695, -0.04231629520654678, 0.6608842015266418], [0.5648642778396606, -0.2202584147453308, -0.12151918560266495, 0.7376834750175476, 0.5472327470779419, 0.28526532649993896, -0.9110872149467468, 0.7408232092857361, 0.2543620467185974, 0.017211779952049255, -0.4129234254360199, -0.19939875602722168], [0.621267557144165, 1.1362143754959106, -1.3969091176986694, 0.6342733502388, 0.9108980298042297, 0.3650765120983124, 0.18177616596221924, -0.542620837688446, 0.09611348807811737, 0.061921946704387665, 0.2692784070968628, -0.1686827689409256], [-0.31815534830093384, 0.961353600025177, -0.08877358585596085, -0.5972305536270142, 0.004358698148280382, 0.5855317115783691, 0.5119494199752808, -0.7817501425743103, -0.22555002570152283, 0.7615351676940918, 0.10731171071529388, 0.6848838925361633], [0.7902501225471497, -0.6786113977432251, -0.4247150719165802, 0.8588467240333557, -0.4636151194572449, -0.33628520369529724, -0.2424064427614212, 1.3791879415512085, 0.20671433210372925, -0.1844891607761383, -0.3486177921295166, -0.6135894060134888], [-0.2757874131202698, -1.007474422454834, 0.05687945708632469, -0.45842283964157104, -0.30446356534957886, 0.07945045828819275, -0.41362708806991577, 0.6696391701698303, -0.4593518376350403, 0.11545921862125397, 0.1555977612733841, 0.04228348657488823], [0.10848349332809448, 0.6689876317977905, -0.11691903322935104, 1.6103019714355469, 0.02046307362616062, -0.34970319271087646, -0.20316050946712494, 0.11651317030191422, 0.23088794946670532, 0.20827239751815796, -0.04361257702112198, -0.33073148131370544], [0.1784505546092987, -0.192086324095726, 0.9592338800430298, 0.29994145035743713, -2.299999952316284, -1.0784879922866821, -0.42416825890541077, -1.5898778438568115, -0.6188694834709167, 0.11667188256978989, 0.06070036441087723, 0.09065664559602737], [0.14021524786949158, -0.0803908109664917, -0.657657265663147, -0.7183719873428345, 1.8745416402816772, 0.7310924530029297, 0.6696085333824158, 0.6689750552177429, 0.5876790881156921, 0.09711708873510361, -0.4301179349422455, -0.532494068145752], [-0.2007167786359787, -0.03361540660262108, -0.226928249001503, 1.1960961818695068, -0.8709772229194641, -0.4645024538040161, -0.6569312214851379, 0.9497578740119934, -0.22889681160449982, 0.2742770314216614, -0.2844529449939728, 0.07399690896272659], [-1.065888524055481, 0.39349186420440674, 1.4447650909423828, 2.106052875518799, -0.09879903495311737, -0.40642544627189636, -0.3041282594203949, 0.516372799873352, 0.5323179960250854, 0.14531727135181427, 1.5367289781570435, -0.6561757922172546]], "sigmanet.nn.2.bias": [-0.1644669622182846, 0.8778320550918579, 0.6072654128074646, -0.5286069512367249, -1.1282676458358765, 1.1537184715270996, -0.5537093877792358, 0.20943838357925415, -0.9581050872802734, -0.6114748120307922, 0.6800811290740967, -0.7230731844902039], "sigmanet.nn.2.sigma": [2.299999952316284],