{
    "num_node": 32,
    "num_input": 7,
    "mean": [
        1028.3062648754353,
        3.2503461574778023,
        0.00850947770539144,
        6.018546895888691,
        7.580994309292973,
        9.75772620438464,
        10.25990791303754
    ],
    "std": [
        499.9777661662571,
        0.5702859122852949,
        0.011928410327057104,
        2.458415921852987,
        0.635214830166384,
        1.6019582344280263,
        1.398377282572016
    ],
    "weights1": [
        [
            0.2805570960044861,
            -0.04365299269556999,
            -0.061041392385959625,
            0.2365642786026001,
            0.22055914998054504,
            -0.05498585104942322,
            0.10790225118398666
        ],
        [
            0.026578202843666077,
            0.13781768083572388,
            0.3879598081111908,
            -0.3550143539905548,
            -0.5186434388160706,
            0.11889419704675674,
            -0.21408556401729584
        ],
        [
            -0.24244986474514008,
            0.4463485777378082,
            -0.4407864809036255,
            -0.2488747388124466,
            0.31429460644721985,
            0.06221815571188927,
            -0.10396295040845871
        ],
        [
            0.2508014142513275,
            0.10842948406934738,
            -0.6989792585372925,
            -0.26512405276298523,
            -0.3610149323940277,
            -0.04303315654397011,
            -0.30930063128471375
        ],
        [
            -0.41411927342414856,
            0.4463397264480591,
            0.059067029505968094,
            0.4811052083969116,
            0.10201562196016312,
            -0.4514477550983429,
            -0.06095113977789879
        ],
        [
            0.1899707168340683,
            -0.5459967255592346,
            0.037468452006578445,
            -0.3417122960090637,
            0.48503515124320984,
            0.20952577888965607,
            0.7001059651374817
        ],
        [
            0.20848822593688965,
            0.15975522994995117,
            -0.7564178109169006,
            -0.18066121637821198,
            -0.3156738579273224,
            0.04710758849978447,
            -0.28679001331329346
        ],
        [
            -0.20393742620944977,
            -0.05158848315477371,
            -0.1243176981806755,
            -0.028379661962389946,
            0.521992564201355,
            -0.0937238484621048,
            0.021335244178771973
        ],
        [
            -0.010508854873478413,
            -0.04537960886955261,
            0.25580835342407227,
            -0.026151355355978012,
            0.4150261878967285,
            0.11894465982913971,
            0.14702430367469788
        ],
        [
            -0.042841702699661255,
            -0.20804154872894287,
            -0.25905880331993103,
            -0.02296987734735012,
            -0.15278075635433197,
            0.18148624897003174,
            0.289768785238266
        ],
        [
            0.20128227770328522,
            -0.23269224166870117,
            -0.07717601954936981,
            0.37951841950416565,
            0.36377179622650146,
            -0.276822030544281,
            -0.3398517668247223
        ],
        [
            -0.15842871367931366,
            0.3580288589000702,
            0.3654809892177582,
            0.27207913994789124,
            -0.08153006434440613,
            -0.41021525859832764,
            0.120240218937397
        ],
        [
            -0.18688903748989105,
            0.07820731401443481,
            0.1080518290400505,
            0.5927678346633911,
            0.19546037912368774,
            0.1814841479063034,
            0.2966299057006836
        ],
        [
            0.009951367974281311,
            -0.4904455244541168,
            -0.1354997754096985,
            -0.11655852943658829,
            -0.34583353996276855,
            0.39103206992149353,
            0.30115458369255066
        ],
        [
            -0.14842668175697327,
            -0.4824293255805969,
            0.2664503753185272,
            0.3792695105075836,
            0.3734590709209442,
            0.28476986289024353,
            -0.7411974668502808
        ],
        [
            -0.05521881952881813,
            0.3516402244567871,
            -0.1893969029188156,
            -0.27429482340812683,
            -0.4180198907852173,
            -0.306685209274292,
            0.0001931246224557981
        ],
        [
            0.5027332901954651,
            -0.4120970368385315,
            0.05670899897813797,
            -0.24434982240200043,
            0.03777648136019707,
            -0.5333618521690369,
            -0.20474089682102203
        ],
        [
            -0.12619592249393463,
            0.45815539360046387,
            0.21008385717868805,
            -0.24214108288288116,
            0.48567330837249756,
            -0.2425793707370758,
            0.12513090670108795
        ],
        [
            0.27736896276474,
            0.49853846430778503,
            0.28996938467025757,
            0.06923659890890121,
            0.0863153263926506,
            0.6854780912399292,
            0.14318852126598358
        ],
        [
            -0.5810933113098145,
            -0.3827958405017853,
            -0.1331198662519455,
            -0.42739003896713257,
            -0.08665850013494492,
            -0.22693096101284027,
            0.26307815313339233
        ],
        [
            0.4508456885814667,
            -0.15461356937885284,
            -0.11123008280992508,
            -0.302579402923584,
            -0.00809918250888586,
            0.19633856415748596,
            -0.4474506080150604
        ],
        [
            -0.034303128719329834,
            -0.5524917244911194,
            -0.30201560258865356,
            0.6610952019691467,
            -0.6148650646209717,
            0.05724973976612091,
            0.21084335446357727
        ],
        [
            -0.0026789407711476088,
            -0.10908907651901245,
            -0.48980778455734253,
            0.23279036581516266,
            0.4248686134815216,
            -0.15156763792037964,
            -0.041201360523700714
        ],
        [
            -0.04430847242474556,
            -0.38050076365470886,
            -0.1824129968881607,
            0.32107818126678467,
            -0.22625288367271423,
            0.08270544558763504,
            -0.20856933295726776
        ],
        [
            0.35484662652015686,
            -0.49880677461624146,
            0.30665433406829834,
            0.34924688935279846,
            -0.23215602338314056,
            -0.29483097791671753,
            -0.28661707043647766
        ],
        [
            -0.13180112838745117,
            0.17318467795848846,
            0.06343959271907806,
            -0.03373093903064728,
            0.17818881571292877,
            0.3618353605270386,
            -0.132035031914711
        ],
        [
            0.11515745520591736,
            0.3008454442024231,
            0.19119688868522644,
            0.09270390123128891,
            0.235265851020813,
            0.2951663136482239,
            -0.3505963385105133
        ],
        [
            0.007760070730000734,
            0.2539062201976776,
            0.021100442856550217,
            0.017355671152472496,
            0.42843469977378845,
            -0.2735174596309662,
            0.36113986372947693
        ],
        [
            -0.3914737403392792,
            0.5068214535713196,
            -0.4987733066082001,
            0.09146911650896072,
            -0.3349442183971405,
            0.02441464737057686,
            -0.01728021912276745
        ],
        [
            -0.22319230437278748,
            0.2899279296398163,
            -0.22066760063171387,
            -0.20022176206111908,
            0.00405531469732523,
