{
    "num_node": 32,
    "num_input": 7,
    "mean": [
        1183.7056869475723,
        3.381793979904422,
        0.006679433890975938,
        5.902876816691364,
        7.5997477017602755,
        9.499062794413957,
        9.80882251150389
    ],
    "std": [
        514.2425502441172,
        0.5306057449162065,
        0.009330511377941783,
        2.5321673261719706,
        0.5409481337080625,
        1.5314515195098155,
        1.365980740977406
    ],
    "weights1": [
        [
            0.00459244754165411,
            0.20282526314258575,
            0.22124551236629486,
            0.027766037732362747,
            0.6987674832344055,
            0.19268925487995148,
            -0.019406255334615707
        ],
        [
            -0.39819660782814026,
            -0.28165125846862793,
            0.1785190999507904,
            -0.4567904770374298,
            -0.6574105620384216,
            -0.040302738547325134,
            -0.3038254678249359
        ],
        [
            -0.6131410598754883,
            0.3550848960876465,
            -0.298172265291214,
            -0.2665417194366455,
            0.1054060161113739,
            0.41302934288978577,
            -0.003150075441226363
        ],
        [
            0.45569467544555664,
            -0.052820783108472824,
            -0.974970817565918,
            0.030901269987225533,
            -0.3958340287208557,
            -0.2047794908285141,
            -0.2767444849014282
        ],
        [
            -0.43171823024749756,
            0.13436760008335114,
            0.006270905956625938,
            0.7085481882095337,
            0.15590569376945496,
            -0.28140726685523987,
            -0.8298090696334839
        ],
        [
            0.16237129271030426,
            -0.04706093668937683,
            -0.0176851786673069,
            -0.19963479042053223,
            0.577483594417572,
            0.5809267163276672,
            0.35030266642570496
        ],
        [
            0.08413112908601761,
            0.16500169038772583,
            -1.2685315608978271,
            -0.036223914474248886,
            -0.18708015978336334,
            0.39819905161857605,
            -0.19232580065727234
        ],
        [
            -0.2739740312099457,
            -0.19895310699939728,
            -0.12296684086322784,
            -0.06291497498750687,
            0.3228957951068878,
            -0.16453774273395538,
            -0.10639108717441559
        ],
        [
            -0.24265946447849274,
            -0.08428137749433517,
            -0.12784504890441895,
            -0.14076152443885803,
            0.27852651476860046,
            0.43590831756591797,
            0.17260976135730743
        ],
        [
            0.322494238615036,
            -0.1111239492893219,
            -0.07197915762662888,
            0.05575178936123848,
            -0.3147984743118286,
            0.4423273801803589,
            0.4191482365131378
        ],
        [
            -0.29486435651779175,
            0.507111132144928,
            -0.31181398034095764,
            0.5395359396934509,
            0.1865222454071045,
            0.49233224987983704,
            0.2959280014038086
        ],
        [
            -1.0309830904006958,
            0.6324493288993835,
            0.07376638799905777,
            0.7112876176834106,
            0.16127364337444305,
            -0.5852436423301697,
            0.23529325425624847
        ],
        [
            0.22710934281349182,
            -0.6416410803794861,
            -0.07881547510623932,
            0.24373552203178406,
            0.26360785961151123,
            -0.31448864936828613,
            0.2074868381023407
        ],
        [
            0.1364860087633133,
            -0.49407023191452026,
            -0.7919399738311768,
            -0.2425798624753952,
            -0.41102829575538635,
            -0.041918594390153885,
            0.40784209966659546
        ],
        [
            -0.20349393784999847,
            -0.45685675740242004,
            0.10303816944360733,
            0.016935523599386215,
            0.5983721017837524,
            -0.5447508096694946,
            -0.7815241813659668
        ],
        [
            0.4004105031490326,
            0.7556439638137817,
            -0.2422609031200409,
            -0.10471617430448532,
            -0.4181702733039856,
            -0.16936209797859192,
            -0.018466968089342117
        ],
        [
            0.2455172836780548,
            -0.5060922503471375,
            0.16624930500984192,
            -0.5813620686531067,
            0.08963219821453094,
            0.4729485809803009,
            -0.4070950448513031
        ],
        [
            -0.2198834866285324,
            0.6369183659553528,
            0.9427351951599121,
            -0.11772429198026657,
            0.5243881344795227,
            -0.3551826477050781,
            0.30299636721611023
        ],
        [
            0.1797540783882141,
            0.45340344309806824,
            0.03989282250404358,
            0.16682007908821106,
            0.04333670064806938,
            0.7205792665481567,
            -0.5881080031394958
        ],
        [
            -0.27592340111732483,
            0.06045764684677124,
            -0.7370767593383789,
            -0.514696478843689,
            0.049010735005140305,
            0.4561888575553894,
            0.6269388198852539
        ],
        [
            0.3980511426925659,
            0.0027627130039036274,
            -0.1255568414926529,
            0.009711863473057747,
            0.03977321833372116,
            0.5496293306350708,
            -0.4989006519317627
        ],
        [
            -0.27583837509155273,
            -0.5799527168273926,
            -0.3779227137565613,
            0.3883766531944275,
            -0.7572916150093079,
            0.6612656712532043,
            -0.5215495228767395
        ],
        [
            0.02954658679664135,
            -0.6138303875923157,
            -0.5810530185699463,
            0.4525381922721863,
            0.30134525895118713,
            0.004268744960427284,
            0.018829751759767532
        ],
        [
            -0.40014931559562683,
            -0.5425065755844116,
            -0.23375444114208221,
            0.3216877281665802,
            -0.597963809967041,
            -0.17158246040344238,
            -0.09989714622497559
        ],
        [
            0.3209577798843384,
            -0.5531628131866455,
            0.7875053286552429,
            0.49105727672576904,
            -0.10792933404445648,
            0.1765185445547104,
            -0.4729102551937103
        ],
        [
            -0.12939783930778503,
            -0.21516357362270355,
            0.3804028034210205,
            -0.06608163565397263,
            0.08356185257434845,
            0.0437186025083065,
            -0.19855429232120514
        ],
        [
            0.2946975529193878,
            0.28639844059944153,
            -0.2407303899526596,
            0.08838553726673126,
            0.17138680815696716,
            0.38642099499702454,
            -0.24052374064922333
        ],
        [
            0.014559948816895485,
            0.2389771044254303,
            -0.013122856616973877,
            -0.04215337708592415,
            0.2456756830215454,
            -0.41413480043411255,
            0.2775231599807739
        ],
        [
            -0.21354056894779205,
            0.39793622493743896,
            -0.7901169657707214,
            0.5282310247421265,
            -0.4016893804073334,
            0.38348767161369324,
            -0.34707435965538025
        ],
        [
            0.20638372004032135,
            0.48652634024620056,
            0.26796528697013855,
            -0.3372735381126404,
            0.3924708664417267,
            -0.5125257968902588,
