{
    "num_node": 32,
    "num_input": 8,
    "mean": [
        3.0087468501309047,
        8.802081521617229,
        9.687289118095801,
        5.90287880908139,
        6.614777901206632,
        7.041888512337048,
        1023.3895088283058,
        3.5716075286654343
    ],
    "std": [
        2.965304780762748,
        1.6613692437744112,
        1.4751037928514688,
        0.5078702232381512,
        0.5664542243381255,
        0.5019570444169864,
        527.5370687130983,
        0.6096592047703698
    ],
    "weights1": [
        [
            -0.10725400596857071,
            1.5012933015823364,
            0.15621860325336456,
            -0.556490421295166,
            -0.2969961166381836,
            0.9677553772926331,
            -0.376013845205307,
            -0.7469156980514526
        ],
        [
            0.016466591507196426,
            -0.09819576889276505,
            0.4461266100406647,
            0.008932976983487606,
            1.2957910299301147,
            -2.8388423919677734,
            -0.10491049289703369,
            -1.7207002639770508
        ],
        [
            -0.20414642989635468,
            -1.6626307964324951,
            1.6943374872207642,
            1.2045012712478638,
            0.5825026035308838,
            -1.5522441864013672,
            -0.20158295333385468,
            -0.0632777214050293
        ],
        [
            -0.34227827191352844,
            -0.8883436918258667,
            -0.22830143570899963,
            -0.337393194437027,
            -0.4887566566467285,
            0.1630280762910843,
            0.020203514024615288,
            0.4037162661552429
        ],
        [
            0.9362635612487793,
            0.5995215177536011,
            0.20165321230888367,
            0.27972275018692017,
            1.3574146032333374,
            -1.9105474948883057,
            -2.2758102416992188,
            0.4666791260242462
        ],
        [
            -0.32185816764831543,
            -1.5306392908096313,
            1.6105670928955078,
            3.6735589504241943,
            -2.3096601963043213,
            -0.8369576334953308,
            -0.9790545701980591,
            -0.0967094898223877
        ],
        [
            0.054323986172676086,
            0.7573613524436951,
            -0.6245549321174622,
            -2.4789326190948486,
            1.9594159126281738,
            0.6895788908004761,
            0.06663277000188828,
            0.24163170158863068
        ],
        [
            -0.3453688323497772,
            -0.7589973211288452,
            1.0002251863479614,
            1.0585129261016846,
            -0.5287122130393982,
            0.9607618451118469,
            0.052063822746276855,
            1.0501621961593628
        ],
        [
            -0.05415948107838631,
            -1.1705660820007324,
            1.9132442474365234,
            0.6960874199867249,
            0.25111809372901917,
            -0.5427319407463074,
            -0.32136642932891846,
            0.6536097526550293
        ],
        [
            -0.1175723746418953,
            -0.3517003357410431,
            0.3617681860923767,
            2.264321804046631,
            -0.6112081408500671,
            -0.9644722938537598,
            0.1654568761587143,
            0.16024275124073029
        ],
        [
            0.23795738816261292,
            0.7387306690216064,
            -1.4736876487731934,
            0.5030415058135986,
            0.061378806829452515,
            -0.7477971911430359,
            0.04912050813436508,
            -0.0048528993502259254
        ],
        [
            -0.23105619847774506,
            -0.5844946503639221,
            0.6225526332855225,
            0.26777181029319763,
            -0.25957420468330383,
            -0.6636432409286499,
            -0.20244760811328888,
            -1.0868374109268188
        ],
        [
            -1.0226151943206787,
            0.625734269618988,
            -0.7790995836257935,
            -0.44204869866371155,
            0.011981608346104622,
            1.3969058990478516,
            -0.5825309157371521,
            1.0327024459838867
        ],
        [
            -0.08288274705410004,
            -2.05959153175354,
            1.8213165998458862,
            1.703137993812561,
            -1.9361861944198608,
            -0.15976527333259583,
            0.019172366708517075,
            -0.13091425597667694
        ],
        [
            -0.5691767930984497,
            -1.1669392585754395,
            1.973413348197937,
            0.4032094180583954,
            0.7792705297470093,
            -1.2951247692108154,
            -0.0774669349193573,
            -0.5402719378471375
        ],
        [
            0.012278151698410511,
            4.250734806060791,
            -3.6846041679382324,
            -0.20313218235969543,
            0.031167011708021164,
            0.007988452911376953,
            -0.035769641399383545,
            0.07290498912334442
        ],
        [
            0.011026399210095406,
            -0.37186387181282043,
            -0.11151719093322754,
            2.8995723724365234,
            -0.6902129054069519,
            -1.7138725519180298,
            0.12880870699882507,
            -0.6134365200996399
        ],
        [
            -0.07645717263221741,
            -1.724107027053833,
            1.7847462892532349,
            0.4029123783111572,
            0.8023641705513,
            -0.9087245464324951,
            -0.2162918597459793,
            0.15912431478500366
        ],
        [
            -0.6673902273178101,
            0.9630436301231384,
            -1.16949462890625,
            2.7501678466796875,
            -0.9595546722412109,
            -1.5119560956954956,
            -0.2647486627101898,
            -0.4153801202774048
        ],
        [
            0.40394535660743713,
            2.494831085205078,
            -2.323702573776245,
            0.07355043292045593,
            -0.09599451720714569,
            -0.10782477259635925,
            0.11476778239011765,
            0.015367242507636547
        ],
        [
            0.5033178329467773,
            0.17661643028259277,
            -1.548431634902954,
            0.31243962049484253,
            0.14333859086036682,
            -0.8199643492698669,
            -0.05913645029067993,
            0.23766304552555084
        ],
        [
            -0.012888344004750252,
            -2.7331836223602295,
            2.5874533653259277,
            0.41025668382644653,
            0.6353078484535217,
            -0.7132020592689514,
            0.14397037029266357,
            0.09395229071378708
        ],
        [
            0.21461383998394012,
            -0.05063013359904289,
            -0.18965142965316772,
            2.4975969791412354,
            -0.5252225995063782,
            -1.5981848239898682,
            0.05043063685297966,
            -0.013363178819417953
        ],
        [
            0.2150799185037613,
            -0.3453731834888458,
            -0.32987862825393677,
            0.29109251499176025,
            0.3973101079463959,
            0.6416289210319519,
            2.2588789463043213,
            -0.25672268867492676
        ],
        [
            -0.02909495308995247,
            2.2471914291381836,
            -1.9307177066802979,
            1.1836190223693848,
            -0.1323632150888443,
            -1.2428092956542969,
            -0.062300268560647964,
            -0.2527690827846527
        ],
        [
            0.8963518142700195,
            -0.29897424578666687,
            1.031660795211792,
            -1.461596965789795,
            1.1445609331130981,
            0.06988001614809036,
            -0.09096728265285492,
            1.4781709909439087
        ],
        [
            -0.46457523107528687,
            0.19246596097946167,
