{"sigmanet.sigma": [2.0], "sigmanet.nn.0.bias": [1.4365265369415283, -2.057361364364624, 6.197674751281738, -0.7173908352851868, 2.1011173725128174, 2.0249671936035156, 4.958410739898682, -3.736936092376709, -11.120906829833984, 14.63604736328125, 1.520885944366455, -1.9317182302474976, 1.061461329460144, -2.4751667976379395, -1.8254536390304565, 1.7452138662338257, -1.2729345560073853, -2.528831720352173, -1.9925003051757812, 1.309868335723877], "sigmanet.nn.0.parametrizations.weight.original": [[-1.2599210739135742, -1.2599210739135742, 0.41833359003067017, 1.2599210739135742, 1.2599210739135742, 1.2599210739135742], [1.2599210739135742, 1.2599210739135742, -0.48684439063072205, -1.2599210739135742, -1.2599210739135742, -1.2599210739135742], [-1.2599210739135742, 1.2599210739135742, -1.2599210739135742, -1.2599210739135742, -1.2599210739135742, -1.2599210739135742], [1.2599210739135742, 1.2599210739135742, -0.04408053308725357, -1.2599210739135742, -1.2599210739135742, -1.2599210739135742], [-1.2599210739135742, -1.2599210739135742, 0.492097407579422, 1.2599210739135742, 1.2599210739135742, 1.2599210739135742], [-1.2599210739135742, -1.2599210739135742, 0.48330238461494446, 1.2599210739135742, 1.2599210739135742, 1.2599210739135742], [1.2599210739135742, 1.2599210739135742, 0.06248830631375313, -1.2599210739135742, -1.2599210739135742, -1.2599210739135742], [1.2599210739135742, 0.042805496603250504, -0.9387604594230652, 1.2599210739135742, -1.2599210739135742, -1.2599210739135742], [1.2599210739135742, 0.5153877139091492, -1.2599210739135742, -1.2599210739135742, -1.2599210739135742, -1.2599210739135742], [1.2599210739135742, 1.2599210739135742, 1.1414004564285278, -1.2599210739135742, -1.2599210739135742, -1.2599210739135742], [-1.2599210739135742, -1.2599209547042847, 0.4255940914154053, 1.2599210739135742, 1.2599210739135742, 1.2599210739135742], [1.2599210739135742, 1.2599209547042847, -0.4753454923629761, -1.2599210739135742, -1.2599210739135742, -1.2599210739135742], [1.2599210739135742, 1.2599210739135742, -0.5931785106658936, -1.2599210739135742, -1.2599210739135742, -1.2599210739135742], [1.2599210739135742, -0.903505265712738, -1.2599210739135742, -1.2599210739135742, -1.2599210739135742, -1.2599210739135742], [1.2599211931228638, 1.2599210739135742, -0.4592154324054718, -1.2599210739135742, -1.2599210739135742, -1.2599210739135742], [-1.2599210739135742, -1.2599210739135742, 0.45237135887145996, 1.2599210739135742, 1.2599210739135742, 1.2599210739135742], [1.2599210739135742, 1.2599210739135742, -0.4088342487812042, -1.2599210739135742, -1.2599210739135742, -1.2599210739135742], [1.2599210739135742, 1.2599210739135742, -0.5050050616264343, -1.2599210739135742, -1.2599210739135742, -1.2599211931228638], [1.2599210739135742, 1.2599210739135742, -0.48187312483787537, -1.2599210739135742, -1.2599210739135742, -1.2599210739135742], [-1.2599210739135742, -1.2599210739135742, 0.39984217286109924, 1.2599210739135742, 1.2599210739135742, 1.2599210739135742]], "sigmanet.nn.2.bias": [1.429983139038086, 1.2654671669006348, -0.8371077179908752, 1.3201221227645874, -1.4064686298370361, 1.1260792016983032, 2.492508888244629, 1.3674288988113403, 0.4670475721359253, -0.40310755372047424, 0.6926237344741821, -1.3937416076660156, 0.7948598861694336, 2.3197824954986572, 3.0700247287750244, -0.7925741672515869, -1.4047363996505737, 0.39157834649086, -0.48015257716178894, 1.4160889387130737], "sigmanet.nn.2.parametrizations.weight.original": [[-0.005424764472991228, 0.008224151097238064, 0.00013288791524246335, 0.0001512739690952003, -0.008731684647500515, -0.008131246082484722, 0.18073035776615143, 0.3471298813819885, 0.4333881735801697, 0.00010124738764716312, -0.005387156270444393, 0.007776464801281691, 0.2031736969947815, 0.00956292636692524, -0.006822653580456972, 0.006970027927309275, 0.01178898848593235, 0.00424868892878294, -0.00430172448977828, 0.007743040099740028], [-0.0001571376487845555, 0.00015499441360589117, 5.225990753388032e-05, 0.7121515870094299, -5.361144940252416e-05, -2.3700547899352387e-05, -0.0009177924366667867, 0.00045701093040406704, 0.06567395478487015, 0.34198451042175293, -0.00029484424157999456, 0.00015435743262059987, 0.13703083992004395, 0.0004065606335643679, -3.934215783374384e-05, 0.0001401925110258162, 2.5560962967574596e-05, 9.851389040704817e-05, -4.232349238009192e-05, 6.203158409334719e-05], [0.00021083856699988246, -0.00018164861830882728, -0.00011221490422030911, -2.2761492800782435e-05, 0.00018549016385804862, 9.665547986514866e-05, -0.0002037690719589591, -0.3558398187160492, -0.46902188658714294, -0.0452180951833725, 7.397884473903105e-05, -0.00021069443027954549, -0.387151300907135, -0.0001465233217459172, 7.828644447727129e-05, -0.00032459243084304035, -0.00020921426767017692, -0.0003466480120550841, 0.0001286202168557793, -0.00015805591829121113], [-6.496888090623543e-06, 9.901614248519763e-05, 7.830090908100829e-05, 0.05681060999631882, -0.00013351913366932422, -0.00012802825949620456, -9.922021126840264e-05, 0.45259878039360046, 0.3835742175579071, 0.04196508601307869, -8.757699106354266e-06, 0.0001791709946701303, 0.3225209414958954, 0.00010479799675522372, -0.0004247903125360608, 0.00018234626622870564, 0.00034034179407171905, 0.0003138570173177868, -0.000206906464882195, 0.000146067060995847], [2.9184806408011355e-05, -0.0001221917336806655, 9.872980444924906e-05, -0.04698736593127251, 5.05630760017084e-06, 0.00016560143558308482, -0.00013344839680939913, -0.42300769686698914, -0.4007321894168854, -0.04242178425192833, 0.000317263969918713, -9.360232070321217e-05, -0.34381988644599915, -0.0015362330013886094, 0.00016205535212066025, -8.237312613346148e-06, -0.00013079102791380137, -9.179392509395257e-05, 5.506728120963089e-05, -2.866439672288834e-06], [-0.0001381001202389598, 4.160820390097797e-05, 0.00035199758713133633, 0.000359664554707706, -2.1525467673200183e-05, -0.00019938559853471816, 0.0001603620039531961, 0.3772677481174469, 0.4524928331375122, 0.0474884957075119, -0.00011924558930331841, 0.00020816680626012385, 0.3797217011451721, 9.377735841553658e-05, -0.00021252056467346847, 0.00034249055897817016, 0.00021988536173012108, 0.00016922660870477557, -0.0001272294612135738, 0.0001849456166382879], [-7.260985148604959e-05, 0.0001622636045794934, 0.05211443081498146, 0.9090844988822937, -0.00014500756515190005, -2.9571387130999938e-05, 3.5388766264077276e-05, 0.0023476327769458294, 1.441570020688232e-05, 0.1710810661315918, -0.0002076246601063758, 0.0002506751334294677, 0.12352568656206131, 0.00010840119648491964, -0.00016214637435041368, 0.00016384891932830215, 0.0001545431587146595, 3.885594560415484e-05, -6.248477438930422e-05, 0.0001600564137334004], [-0.0025382868479937315, 0.004754353314638138, 0.00031673090416006744, 0.00031135266181081533, -0.004063773434609175, -0.003699681954458356, 0.11998821794986725, 0.5823489427566528, 0.29127806425094604, 0.010740871541202068, -0.001857448136433959, 0.004297048784792423, 0.20319843292236328, 0.008924410678446293, -0.003488526213914156, 0.0038972084876149893, 0.00644263718277216, 0.001789337256923318, -0.0012880783760920167, 0.0046976180747151375], [-3.739356543519534e-06, 1.0695155197026907e-06, 0.0001367738441331312, 0.08373543620109558, -7.482496584998444e-05, -1.2760930076183286e-05, 4.070352224516682e-05, 0.4471319317817688, 0.37300562858581543, 0.04321470856666565, -0.00012091713870177045, 0.0002529524208512157, 0.31116175651550293, 8.06042444310151e-05, -1.0513941560930107e-05, 7.062452641548589e-05, 0.0002409865119261667, 0.00032409263076260686, -0.00010910854325629771, 0.0001920036447700113], [0.0003205760440323502, -0.00019633592455647886, -6.746353028574958e-05, -0.09809131175279617, 0.00025302672293037176, 0.00018370403267908841, -2.567907540651504e-05, -0.428010493516922, -0.3770861029624939, -0.04089805856347084, 5.7122120779240504e-05, -7.245782762765884e-05, -0.31345295906066895, -0.00019642358529381454, 0.0002839385997503996, 