{"sigmanet.sigma": [2.0], "sigmanet.nn.0.bias": [0.5206652283668518, -2.366267442703247, -0.9154062867164612, 0.9729861617088318, -0.9017170667648315, 3.675436019897461, 3.430645227432251, 0.49404820799827576, -3.373781204223633, 0.04277462139725685, -1.8224127292633057, 1.0097776651382446, -0.9421036243438721, -4.081305503845215, 1.2167298793792725, -1.5055166482925415, 1.3404194116592407, -1.1754835844039917, 0.9998877048492432, -1.1976618766784668], "sigmanet.nn.0.parametrizations.weight.original": [[1.2599210739135742, -1.2599210739135742, -1.2599210739135742, -1.2599210739135742, -1.2599210739135742, -1.2599210739135742], [1.2599210739135742, 1.2599210739135742, 0.22756823897361755, -1.2599210739135742, -1.2599210739135742, -1.2599210739135742], [-1.2599210739135742, -1.2599210739135742, 0.16236497461795807, 1.2599210739135742, 1.2599210739135742, 1.2599210739135742], [1.2599210739135742, 1.2599210739135742, -0.1572800874710083, -1.2599210739135742, -1.2599210739135742, -1.2599210739135742], [-1.2599210739135742, -1.2599210739135742, 0.16443151235580444, 1.2599210739135742, 1.2599210739135742, 1.2599210739135742], [1.2599210739135742, 1.2599210739135742, 1.2599210739135742, -1.2599210739135742, -1.2599210739135742, -1.2599210739135742], [1.2599210739135742, 1.2599210739135742, 0.4575207829475403, -1.2599210739135742, -1.2599210739135742, -1.2599210739135742], [1.2599210739135742, 1.2599211931228638, -0.08834777772426605, 1.2599210739135742, -1.2599210739135742, -1.2599210739135742], [1.2599210739135742, -0.41281402111053467, -1.2599210739135742, 1.2599210739135742, -1.2599210739135742, -1.2599210739135742], [1.2599210739135742, 1.2599210739135742, -0.4954410195350647, -1.2599210739135742, -1.2599210739135742, -1.2599210739135742], [-1.2599210739135742, -1.2599210739135742, 0.07419673353433609, 1.2599210739135742, 1.2599210739135742, 1.2599210739135742], [1.2599210739135742, 1.2599209547042847, -0.1507795751094818, -1.2599209547042847, -1.2599210739135742, -1.2599210739135742], [-1.2599210739135742, -1.2599210739135742, 0.15896955132484436, 1.2599211931228638, 1.2599210739135742, 1.2599211931228638], [1.2599210739135742, 1.2599210739135742, -1.2599210739135742, -1.2599210739135742, -1.2599210739135742, -1.2599210739135742], [1.2599210739135742, 1.2599211931228638, -0.13420537114143372, -1.2599210739135742, -1.2599210739135742, -1.2599210739135742], [-1.2599210739135742, -1.2599210739135742, 0.10600801557302475, 1.2599210739135742, 1.2599210739135742, 1.2599210739135742], [1.2599210739135742, 1.2599210739135742, -0.12110517174005508, -1.2599210739135742, -1.2599210739135742, -1.2599210739135742], [-1.2599210739135742, -1.2599210739135742, 0.13564880192279816, 1.2599210739135742, 1.2599210739135742, 1.2599210739135742], [1.2599210739135742, 1.2599209547042847, -0.155514195561409, -1.2599210739135742, -1.2599210739135742, -1.2599210739135742], [-1.2599210739135742, -1.2599210739135742, 0.135470911860466, 1.2599210739135742, 1.2599210739135742, 1.2599210739135742]], "sigmanet.nn.2.bias": [1.3867645263671875, -1.9284948110580444, 1.9667162895202637, -1.025547742843628, -0.9279680848121643, -0.6834306716918945, 1.63491952419281, -2.0909314155578613, 0.48064523935317993, -0.36388489603996277, -1.446355938911438, 1.5307122468948364, -0.3877420127391815, 1.0901840925216675, 0.8588975667953491, -0.33425039052963257, -0.4679620862007141, 0.3686732351779938, -0.4726046919822693, 0.8962329030036926], "sigmanet.nn.2.parametrizations.weight.original": [[0.0031805923208594322, 0.16947655379772186, -0.003501158906146884, 0.0028459597378969193, -0.0027582633774727583, 0.2937893867492676, 0.0005104899173602462, 0.20060068368911743, 0.0007026497041806579, 0.183630108833313, -0.0018541988683864474, 0.0030509119387716055, -0.0025665846187621355, 0.3739558458328247, -0.0030950624495744705, 0.0026358235627412796, -0.002813827944919467, 0.0030179298482835293, -0.0029757048469036818, 0.0029592900536954403], [0.0005637469002977014, 0.3723791837692261, -0.0003250142326578498, 0.0005121048307046294, -0.0005611040396615863, 0.10627224296331406, 0.0005451802280731499, 0.2747696340084076, 0.00017159577691927552, 0.4999367892742157, -0.0005281750345602632, 0.0002406270505161956, -0.00025783132878132164, 0.0003164993831887841, -0.0004651709459722042, 0.00020554095681291074, -0.0004034352023154497, 0.00023378958576358855, -0.0006028519128449261, 0.0006306153372861445], [0.014408987015485764, 0.17962296307086945, -0.003375438740476966, 0.002980724675580859, -0.0028974798042327166, 0.31739312410354614, 0.0004869131080340594, 0.13381421566009521, 0.0005140676512382925, 0.20633578300476074, -0.0013290770584717393, 0.0026613741647452116, -0.001863806857727468, 0.37730729579925537, -0.0025280010886490345, 0.0025818331632763147, -0.0023646194022148848, 0.0024323344696313143, -0.002899167826399207, 0.002123819664120674], [0.0007350678206421435, 0.4374481439590454, -0.0005165170296095312, 0.00022433086996898055, -0.0005982355796732008, 0.14136207103729248, 0.0008123975130729377, 0.2058013379573822, 0.0002055603836197406, 0.46748045086860657, -0.000549191317986697, 0.0006790041225031018, -0.00046994161675684154, 0.00018407536845188588, -0.0003811768547166139, 0.00047952716704458, -0.0006741977413184941, 0.00018580193864181638, -0.0004904156667180359, 0.0006437411648221314], [-0.0006351643824018538, -0.2713702917098999, 0.0002350666472921148, -0.00018573943816591054, 0.0006319612730294466, -0.2758767902851105, -0.0003360111149959266, -0.16238275170326233, -0.000318635196890682, -0.254927396774292, 0.0003372466890141368, -0.0005424728733487427, 0.00021432308130897582, -0.28995487093925476, 0.0005411976599134505, -0.000365159910870716, 0.0005191693780943751, -0.00014386496332008392, 0.0002602839085739106, -0.0001425722730346024], [-0.0012716517085209489, -0.29825329780578613, 0.00038152141496539116, -0.0006834814557805657, 0.00041544073610566556, -0.24660544097423553, -0.0003998533939011395, -0.16983629763126373, -0.0002907492162194103, -0.32132387161254883, 0.0005009821616113186, -0.00033264406374655664, 0.0004638978571165353, -0.21603834629058838, 0.00027465258608572185, -0.0007716019754298031, 0.0003917591238860041, -0.0007635880610905588, 0.00038194379885680974, -0.0005400749505497515], [0.0008929893956519663, 0.261689156293869, -0.0013589445734396577, 0.0014809616841375828, -0.001262986334040761, 0.3127164840698242, 0.0006610469426959753, 0.13694676756858826, 0.0006925769266672432, 0.11908458918333054, -0.0017817929619923234, 0.0012870525242760777, -0.0018716504564508796, 0.4087916910648346, -0.0009924366604536772, 0.0012719581136479974, -0.0013382502365857363, 0.002098374767228961, -0.001782499486580491, 0.0019187936559319496], [0.00044520164374262094, 0.4374306797981262, -0.00028269761241972446, 0.00010112151358043775, -0.00026758533203974366, 0.10393219441175461, 0.00045369219151325524, 0.21390996873378754, 0.0005076551460660994, 0.4993933439254761, -0.00035503064282238483, 0.0005256786243990064, -0.00035114356433041394, 8.632638491690159e-05, -0.0004318455758038908, 0.0002900234831031412, -0.00022349796199705452, 0.00035791523987427354, -0.0003157110477332026, 0.00025986606488004327], [0.0008727307431399822, 0.20760475099086761, -0.0008773738518357277, 0.00045098134432919323, -0.0005345706013031304, 0.25301897525787354, 0.00034393780515529215, 0.197105273604393, 0.00039469663170166314, 0.3648090362548828, -0.00034061408950947225, 0.00012928144133184105, -0.0008368106209672987, 0.2284279763698578, -0.0004643133725039661, 0.0006099112797528505, -0.0008178509306162596, 0.000680532306432724, -0.0008022355032153428, 0.0007993285544216633], [-0.0007131057209335268, -0.2254699319601059, 0.0008382220985367894, -0.00048827589489519596, 0.0006494856788776815, -0.2515842318534851, -0.00037689125747419894, -0.1686934530735016, -0.00040899423765949905, -0.3644547164440155, 0.0006857486441731453, -0.00027465494349598885, 0.0005804250249639153, -0.241226926445961, 0.00042661477345973253, 