{
    "n_features": 5,
    "constraints": [
        -1,
        -1,
        -1,
        -1,
        -1
    ],
    "rescale_min": [
        -0.9961462137043839,
        -0.6792157911929213,
        -11.998379101597545,
        -11.998681810847625,
        -11.995357038251905
    ],
    "rescale_max": [
        3.7475530508467374,
        4.216474889853284,
        1.7325045993255503,
        0.9083081490504302,
        0.9094918305184537
    ],
    "sigmanet.sigma": [
        2.0
    ],
    "sigmanet.nn.0.bias": [
        1.7219085693359375,
        0.6993165612220764,
        -1.44145929813385,
        0.42348331212997437,
        -0.40822792053222656,
        -0.08017921447753906,
        0.46694034337997437,
        1.1127815246582031,
        -1.0776588916778564,
        -0.43511149287223816
    ],
    "sigmanet.nn.0.sigma": [
        2.0
    ],
    "sigmanet.nn.0.weight_orig": [
        [
            -1.7614240646362305,
            -1.1486830711364746,
            -0.4054320752620697,
            0.12529268860816956,
            -0.4572238326072693
        ],
        [
            -1.9829519987106323,
            -0.5881158113479614,
            -0.032549548894166946,
            0.04006902500987053,
            0.113359235227108
        ],
        [
            1.9423805475234985,
            0.24769505858421326,
            0.8089967966079712,
            0.029207592830061913,
            -0.2595108151435852
        ],
        [
            -1.9267884492874146,
            0.34311312437057495,
            -0.2826729118824005,
            0.7096017599105835,
            0.9923049211502075
        ],
        [
            1.730358362197876,
            -0.14715729653835297,
            -1.7281078100204468,
            0.409324049949646,
            0.6572113037109375
        ],
        [
            1.4579615592956543,
            -0.8796821236610413,
            1.6513179540634155,
            -0.9430325627326965,
            -0.5864304900169373
        ],
        [
            -1.2220630645751953,
            0.6446231603622437,
            -0.05437249317765236,
            -0.3599982261657715,
            0.05529915168881416
        ],
        [
            0.49943050742149353,
            -1.3128212690353394,
            -0.3502705991268158,
            -0.1406376212835312,
            -0.3514025807380676
        ],
        [
            0.36751654744148254,
            2.0,
            -0.09531985968351364,
            -0.04786296933889389,
            -0.020830685272812843
        ],
        [
            -2.0,
            0.25870436429977417,
            1.099377989768982,
            0.3392302691936493,
            0.2676165699958801
        ]
    ],
    "sigmanet.nn.1.bias": [
        -0.26156625151634216,
        -0.44360414147377014,
        0.7312823534011841,
        -0.9423869848251343,
        -0.5158102512359619,
        0.6302642822265625,
        -0.5340138673782349,
        -0.4744681715965271,
        0.6787541508674622,
        -0.6746341586112976
    ],
    "sigmanet.nn.1.sigma": [
        2.0
    ],
    "sigmanet.nn.1.weight_orig": [
        [
            0.023550329729914665,
            0.08018430322408676,
            -0.2141694873571396,
            0.5446217656135559,
            -0.46765491366386414,
            0.014974355697631836,
            -0.008737439289689064,
            0.005107874050736427,
            0.5910118222236633,
            0.049987707287073135
        ],
        [
            -0.1090174987912178,
            -0.608525812625885,
            0.2594589591026306,
            0.0024673480074852705,
            0.0020775545854121447,
            0.38613149523735046,
            0.004815326537936926,
            -0.003488187910988927,
            -0.5534037947654724,
            0.07061395794153214
        ],
        [
            -0.01633790135383606,
            0.4703708291053772,
            0.030959278345108032,
            -0.15258082747459412,
            0.06996558606624603,
            0.24897773563861847,
            -0.011146782897412777,
            0.05350438132882118,
            -0.23578262329101562,
            -0.710374116897583
        ],
        [
            -0.0789966881275177,
            -0.3591045141220093,
            0.09278363734483719,
            0.032007038593292236,
            -0.24585101008415222,
            0.2456636279821396,
            0.01602534018456936,
            -0.11356430500745773,
            -0.13558918237686157,
            0.6804146766662598
        ],
        [
            -0.0019176495261490345,
            -0.0005778555641882122,
            0.012883086688816547,
            -0.08621224015951157,
            -0.21649201214313507,
            -0.1906733214855194,
            0.0337434746325016,
            -0.008257118985056877,
            0.23345492780208588,
            1.2157882452011108
        ],
        [
            0.07251815497875214,
            0.34335434436798096,
            -0.08385919034481049,
            0.10843531042337418,
            0.044591426849365234,
            -0.8828548192977905,
            -0.024910397827625275,
            0.17781281471252441,
            0.012791779823601246,
            -0.24887165427207947
        ],
        [
            0.1267067790031433,
            0.04981698840856552,
            -0.2530863285064697,
            0.1830214262008667,
            -0.36406248807907104,
            -0.12974993884563446,
            -0.03340037167072296,
            0.029352733865380287,
            0.3288614749908447,
            0.5019416809082031
        ],
        [
            -0.07436220347881317,
            -1.3415613174438477,
            0.08860813081264496,
            -0.010245262645184994,
            -0.0207033921033144,
            0.369083046913147,
            0.018351389095187187,
            -0.032163891941308975,
            -0.03208191692829132,
            -0.0128393042832613
        ],
        [
            0.08838780969381332,
            0.5260375738143921,
            -0.1038074716925621,
            0.21974514424800873,
            0.07312817871570587,
            0.11899641156196594,
            -0.10917525738477707,
            -0.06372356414794922,
            0.20828044414520264,
            -0.4887181520462036
        ],
        [
            -0.004237720742821693,
            -0.32617807388305664,
            0.08418171852827072,
            -0.11958370357751846,
            -0.33419206738471985,
            0.0005898011731915176,
            0.030893048271536827,
            -0.010729438625276089,
            0.0188752468675375,
            1.070539116859436
        ]
    ],
    "sigmanet.nn.2.bias": [
        -0.11614377051591873,
        -0.0994296446442604,
        0.3282245099544525,
        0.41703638434410095,
        -0.807073175907135,
        0.39496368169784546,
        0.10994555056095123,
        0.5767636895179749,
        0.13237883150577545,
        0.38400930166244507
    ],
    "sigmanet.nn.2.sigma": [
        2.0
    ],