{
    "TLayer": [
        [
            7826.0,
            7896.0,
            7966.0,
            8036.0,
            8508.0,
            8578.0,
            8648.0,
            8718.0,
            9193.0,
            9263.0,
            9333.0,
            9403.0
        ],
        [
            277.7,
            277.7,
            277.7,
            277.7,
            277.7,
            277.7,
            277.7,
            277.7,
            277.7,
            277.7,
            277.7,
            277.7
        ],
        [
            0.0,
            0.0874892,
            -0.0874892,
            0.0,
            0.0,
            0.0874892,
            -0.0874892,
            0.0,
            0.0,
            0.0874892,
            -0.0874892,
            0.0
        ],
        [
            0.0025,
            0.0064,
            0.0121,
            0.0196,
            0.0289,
            0.04,
            0.0529,
            0.0676,
            0.0841,
            0.0,
            0.0,
            0.0
        ]
    ],
    "UTLayer": [
        [
            2327.5,
            2372.5,
            2597.5,
            2642.5
        ]
    ],
    "UTT_META": [
        [
            2665.0,
            7826.0,
            1500.0,
            29.5,
            35.0,
            -310.0,
            140.0,
            0.3,
            0.25,
            2500.0,
            0.005,
            60.0,
            50.0,
            1.0,
            1.0,
            7.0,
            9.0,
            5.0,
            7.0
        ]
    ],
    "UTTFParams": [
        [
            0.00819424,
            -6.87532e-05,
            -0.000158286,
            0.258623,
            -0.167042,
            0.457548,
            1.14145,
            -0.000525693,
            -0.0140869,
            32.9191,
            -1.05008,
            0.0123854,
            2.80095,
            98.0299,
            0.866286,
            2.37833,
            87.2253,
            0.839015,
            25.7620,
            15.2846
        ]
    ],
    "TFTParams": [
        [
            -18.4788,
            -0.0879703,
            0.734973,
            0.509107
        ]
    ],
    "VParams": [
        [
            0.55435,
            1.38936,
            -0.76764,
            0.18562,
            0.68259,
            0.78269
        ],
        [
            0.66615,
            1.45096,
            -0.76774,
            0.18563,
            0.63639,
            -0.7694
        ]
    ],
    "VUTParams": [
        [
            -3.30356,
            5.21713,
            0.91958,
            0.92264,
            4.09928,
            2.69057,
            -0.58425,
            -1.84498,
            5.28249,
            1.5148,
            0.15833,
            12.089,
            -2.82772,
            4.13021,
            0.92267
        ]
    ],
    "UTParams": [
        [
            0.50891,
            0.95894,
            0.52386,
            0.9179,
            -0.35797,
            -2.22976,
            0.8693,
            -0.69704,
            1.24212,
            0.79027,
            1.22616,
            0.81941
        ],
        [
            0.53487,
            0.98126,
            0.60007,
            0.93909,
            -0.4673,
            -2.67171,
            1.01515,
            -3.74646,
            1.26409,
            0.77048,
            1.24032,
            0.78907
        ],
        [
            0.5085,
            0.96979,
            0.52377,
            0.936,
            -0.59722,
            -3.13107,
            1.01178,
            -1.22537,
            1.26377,
            0.79891,
            1.24966,
            0.82132
        ]
    ],
    "TParams": [
        [
            0.49418,
            0.95019,
            0.50135,
            0.89187,
            -0.88638,
            -190.37231,
            0.18696,
            -4.64574,
            1.37347,
            0.87362,
            1.26707,
            0.87072
        ],
        [
            0.49415,
            0.95485,
            0.50402,
            0.89203,
            -0.88673,
            -191.40926,
            0.16786,
            -4.57849,
            1.38361,
            0.87464,
            1.27177,
            0.87131
        ],
        [
            0.49502,
            0.94849,
            0.50167,
            0.8895,
            -0.8369,
            -176.98291,
            0.18791,
            -4.43141,
            1.3609,
            0.87283,
            1.26098,
            0.87089
        ],
        [
            0.49523,
            0.94879,
            0.50191,
            0.88975,
            -0.83766,
            -178.33385,
            0.17011,
            -4.37401,
            1.36777,
            0.8737,
            1.26171,
            0.0
        ],
        [
            0.49478,
            0.94518,
            0.49692,
            0.89372,
            -0.79479,
            -163.71004,
            0.19235,
            -4.12695,
            1.35562,
            0.87168,
            1.26729,
            0.87142
        ],
        [
            0.49491,
            0.94661,
            0.50066,
            0.89024,
            -0.797,
            -166.05312,
            0.17459,
            -4.07586,
            1.36175,
            0.87227,
            1.26375,
            0.86994
        ],
        [
            0.4639,
            1.19178,
            0.45468,
            1.02763,
            -0.63649,
            -117.94673,
            0.17382,
            -20.57625,
            1.72696,
            0.84721,
            1.40886,
            0.8155
        ],
        [
            0.46384,
            1.2039,
            0.45933,
            1.03015,
            -0.63882,
            -120.79377,
            0.16147,
            -20.53956,
            1.7699,
            0.8517,
            1.40948,
            0.81725
        ],
        [
            0.49442,
            0.93528,
            0.49082,
            0.88988,
            -0.50041,
            -77.03609,
            0.13775,
            -2.07561,
            1.3251,
            0.87027,
            1.26187,
            0.87076
        ],
        [
            0.49442,
            0.93493,
            0.49213,
            0.89124,
            -0.50271,
            -79.45477,
            0.13165,
            -2.10675,
            1.32582,
            0.87036,
            1.26227,
            0.87088
        ],
        [
            0.49438,
            0.93359,
            0.48982,
            0.89181,
            -0.47057,
            -69.29635,
            0.12987,
            -1.89739,
            1.3204,
            0.87051,
            1.25858,
            0.8709
        ],
        [
            0.4944,
            0.93533,
            0.49128,
            0.89014,
            -0.47271,
            -71.63985,
            0.12418,
            -1.93797,
            1.3214,
            0.87078,
            1.25776,
            0.87094
        ],
        [
            0.49426,
            6.75614,
            0.48878,
            0.8929,
            -0.44254,
            -62.46646,
            0.12232,
            -1.71272,
            1.22355,
            -0.85753,
            1.26472,
            0.8709
        ],
        [
            0.49426,
            0.93493,
            0.48997,
            0.89024,
            -0.44455,
            -64.61299,
            0.11716,
            -1.75825,
            1.32456,
            0.87089,
            1.26077,
            0.8709
        ],
        [
            0.46253,
            1.09232,
            0.41906,
            1.02857,
            -0.3503,
            -41.85207,
            0.09865,
            -8.12619,
            1.52252,
            0.82071,
            1.40127,
            0.81859
        ],
        [
            0.46246,
            1.09165,
            0.42969,
            1.02482,
            -0.35177,
            -43.47674,
