{
    "num_node": 32,
    "num_input": 13,
    "mean": [
        8.46720968470435,
        19.42027175032399,
        0.18840878619435403,
        0.00280420943386854,
        87.46973288080552,
        68.7558859230081,
        100.552605928985,
        29.53400980689147,
        1.0320152636661202,
        0.9188279945973878,
        0.646264565421024,
        3.8365500372707397,
        2.5861101988324213
    ],
    "std": [
        8.403090524357214,
        19.704972511401603,
        0.11478255597965788,
        0.0028453190848291773,
        90.47340323158829,
        66.73999215440945,
        153.53676301649645,
        32.72251423846146,
        1.021753802873113,
        1.620155515099018,
        0.4563770491720414,
        0.8153155435673303,
        0.7156722028528545
    ],
    "weights1": [
        [
            0.4077906608581543,
            0.029185466468334198,
            -1.389412522315979,
            0.1329963654279709,
            -0.11836597323417664,
            -0.11313127726316452,
            -0.5315706133842468,
            0.06415068358182907,
            1.1639952659606934,
            2.9474031925201416,
            -0.022986628115177155,
            0.1703081578016281,
            -0.03528833016753197
        ],
        [
            -0.4922783076763153,
            0.041105933487415314,
            -0.02541378326714039,
            -0.08507116883993149,
            -0.0006959916790947318,
            -0.01353533286601305,
            4.779510021209717,
            0.14715784788131714,
            0.48620298504829407,
            0.547870397567749,
            -0.0025132778100669384,
            -0.04055957868695259,
            0.08967511355876923
        ],
        [
            0.18226593732833862,
            -0.23786917328834534,
            0.030073540285229683,
            0.21690115332603455,
            -0.0521143302321434,
            -0.09811591356992722,
            -2.458225727081299,
            -2.374389171600342,
            -0.25381046533584595,
            0.916800856590271,
            0.011408756487071514,
            -0.06048563867807388,
            0.01457666140049696
        ],
        [
            -2.596099615097046,
            -0.019027089700102806,
            -0.24502669274806976,
            -0.16024577617645264,
            -0.08779756724834442,
            -0.08235108852386475,
            -0.05814335495233536,
            0.010816716589033604,
            2.597282648086548,
            3.7502708435058594,
            0.010212904773652554,
            -0.04948203265666962,
            -0.044251564890146255
        ],
        [
            0.6783146262168884,
            -0.24730262160301208,
            -0.20891518890857697,
            -0.38093385100364685,
            -0.05922413989901543,
            -2.029049873352051,
            0.2616887390613556,
            1.232548713684082,
            -0.7918477654457092,
            0.4622858464717865,
            0.32407259941101074,
            -0.4403304159641266,
            0.03724156692624092
        ],
        [
            -0.06639615446329117,
            -0.04758637025952339,
            -1.9616551399230957,
            0.029162989929318428,
            -0.16779924929141998,
            0.13082008063793182,
            -1.6466087102890015,
            0.3571344017982483,
            0.13946467638015747,
            -0.048434365540742874,
            -0.09459470957517624,
            -0.2888373136520386,
            0.06196688488125801
        ],
        [
            0.8388335108757019,
            -0.27536317706108093,
            -0.10896410048007965,
            -0.44902318716049194,
            -0.9367143511772156,
            0.6356650590896606,
            -0.6318238377571106,
            0.010254993103444576,
            -0.7632404565811157,
            0.47318246960639954,
            0.33524173498153687,
            -0.4550531804561615,
            0.0076127126812934875
        ],
        [
            0.048929523676633835,
            -0.06198043376207352,
            -0.13457363843917847,
            0.07493259012699127,
            -0.013165058568120003,
            -0.03605201095342636,
            4.763844013214111,
            0.3532228469848633,
            -0.07023660093545914,
            -0.43520936369895935,
            0.018997054547071457,
            -0.02491896040737629,
            0.017293931916356087
        ],
        [
            1.0078903436660767,
            -0.15627238154411316,
            0.03602643311023712,
            -0.34096845984458923,
            0.06736050546169281,
            0.09082599729299545,
            0.15043215453624725,
            0.10886792093515396,
            -2.171315908432007,
            -1.0488451719284058,
            -0.1275491565465927,
            0.15101692080497742,
            -0.09716225415468216
        ],
        [
            0.1502249836921692,
            0.25231286883354187,
            -0.5580379962921143,
            0.3702853322029114,
            -0.4332730174064636,
            -0.6872766613960266,
            -2.3995187282562256,
            -0.723277747631073,
            -0.3101046681404114,
            0.40986892580986023,
            0.07979098707437515,
            -0.46141964197158813,
            -7.775256381137297e-05
        ],
        [
            -0.553648829460144,
            0.41492924094200134,
            -0.40856894850730896,
            -0.09800221025943756,
            -0.6329100131988525,
            -0.31483229994773865,
            -1.7521437406539917,
            -0.2745101749897003,
            0.30732324719429016,
            0.566547155380249,
            0.234290212392807,
            -1.1924139261245728,
            -0.272043913602829
        ],
        [
            1.0136139392852783,
            0.11306985467672348,
            -0.6539753675460815,
            -0.07045287638902664,
            0.1522524207830429,
            0.1483636349439621,
            -2.172377347946167,
            -0.10059398412704468,
            -0.2183784395456314,
            -1.7578082084655762,
            -0.05479719117283821,
            0.2795908451080322,
            -0.16398920118808746
        ],
        [
            -1.0655733346939087,
            0.07432672381401062,
            2.5397019386291504,
            0.007398276124149561,
            -0.3267074525356293,
            -0.17326229810714722,
            -1.5504554510116577,
            -0.01512486394494772,
            0.7691410183906555,
            0.9459608793258667,
            0.04635252058506012,
            -0.4280144274234772,
            0.182185560464859
        ],
        [
            -0.779619038105011,
            0.09096021950244904,
            0.09818580746650696,
            -0.14058484137058258,
            -3.450167655944824,
            -2.964878797531128,
            0.25717490911483765,
            0.004673182964324951,
            0.7604962587356567,
            -0.26509925723075867,
            -0.004853882826864719,
            0.012888072989881039,
            0.07577410340309143
        ],
        [
            0.07997912168502808,
            0.0639805942773819,
            0.27864083647727966,
            -0.015147601254284382,
            0.09655485302209854,
            0.12361361086368561,
            -4.315543174743652,
            -0.9509304165840149,
            -0.09786801785230637,
            0.619175136089325,
            -0.005914164707064629,
            0.17687804996967316,
            0.12636242806911469
        ],
        [
            0.40520620346069336,
            -0.005044850986450911,
            0.3935580253601074,
            0.06073833629488945,
            -0.039819732308387756,
            -0.05816333740949631,
            6.807931423187256,
            0.483873575925827,
            -0.43656107783317566,
            0.1330447793006897,
            0.004250084049999714,
            -0.013077517040073872,
