{
    "num_node": 32,
    "num_input": 7,
    "mean": [
        5303.112728867188,
        0.06533428665779531,
        -0.005871171702505872,
        0.004659606764174532,
        8.625017826416297e-06,
        -1.487642526924225,
        3.6737049570930003
    ],
    "std": [
        19.79871369906821,
        5.687878841202173,
        19.652648395218215,
        0.2018889277214558,
        0.0029892023529461903,
        1.0901969323931617,
        0.7320127738104268
    ],
    "weights1": [
        [
            0.05800880864262581,
            0.8791906833648682,
            -0.06926517188549042,
            0.19737641513347626,
            0.3774651288986206,
            -0.00221773749217391,
            0.3974120318889618
        ],
        [
            -0.015065979212522507,
            0.044491104781627655,
            1.0891319513320923,
            -0.054257575422525406,
            -0.7400104403495789,
            0.3655102849006653,
            -0.24781650304794312
        ],
        [
            -0.034307289868593216,
            0.7594261765480042,
            -0.3052099645137787,
            -1.2272518873214722,
            -0.0739104226231575,
            -0.3842102289199829,
            1.249176025390625
        ],
        [
            0.9973072409629822,
            -0.5846067070960999,
            -0.6130717396736145,
            -0.8352484703063965,
            -0.36662086844444275,
            -0.007605019491165876,
            -0.45161017775535583
        ],
        [
            -0.9646462798118591,
            -0.8579765558242798,
            -0.24322791397571564,
            1.7266759872436523,
            -0.058969322592020035,
            -0.5188553333282471,
            0.4104783236980438
        ],
        [
            -0.9341327548027039,
            -2.278790235519409,
            0.6353141069412231,
            -0.7176358699798584,
            0.2815445065498352,
            0.26321738958358765,
            0.2914530336856842
        ],
        [
            0.5145063400268555,
            0.009378076530992985,
            -0.9791519045829773,
            -0.01358192041516304,
            -0.184905543923378,
            0.7049330472946167,
            -0.5092893838882446
        ],
        [
            0.13057348132133484,
            -0.721843957901001,
            -0.7964709997177124,
            2.1900851726531982,
            0.8196842074394226,
            1.297926902770996,
            0.2319159209728241
        ],
        [
            0.6761258840560913,
            -1.1313796043395996,
            0.36322125792503357,
            0.4536707401275635,
            0.30017638206481934,
            0.05456869676709175,
            0.12789109349250793
        ],
        [
            0.19533370435237885,
            -0.08394399285316467,
            -1.9506187438964844,
            0.08291364461183548,
            -2.110217332839966,
            0.24608853459358215,
            0.17570875585079193
        ],
        [
            -0.9343259334564209,
            1.7944228649139404,
            0.7081945538520813,
            1.5836989879608154,
            -0.08113723993301392,
            0.13561196625232697,
            -0.1459922045469284
        ],
        [
            -0.09162946790456772,
            -0.38901379704475403,
            0.17415282130241394,
            2.179769515991211,
            0.14682671427726746,
            -1.370888352394104,
            0.8820379376411438
        ],
        [
            0.1561429798603058,
            -1.0684994459152222,
            -0.09566768258810043,
            0.7467596530914307,
            -0.0017498346278443933,
            -0.9168305993080139,
            0.7726758718490601
        ],
        [
            -0.3425930440425873,
            -0.48263785243034363,
            -0.6503818035125732,
            -0.6040920615196228,
            -0.4782886505126953,
            -0.1532949060201645,
            0.3913978636264801
        ],
        [
            -0.2369367927312851,
            0.5128597617149353,
            -0.34880921244621277,
            0.74720698595047,
            -0.6194193363189697,
            -0.22025781869888306,
            -0.3676583766937256
        ],
        [
            -0.4095168113708496,
            -0.3952167332172394,
            -0.1763177067041397,
            -0.0020387705881148577,
            -0.7121670842170715,
            -0.22926130890846252,
            -0.2989060878753662
        ],
        [
            0.4026368260383606,
            -0.22021853923797607,
            1.7684611082077026,
            -0.014972682110965252,
            0.9308507442474365,
            0.2805452346801758,
            0.9429765939712524
        ],
        [
            -0.2676258683204651,
            -0.06626154482364655,
            0.7968669533729553,
            -0.5031706690788269,
            -0.33989953994750977,
            -0.46140745282173157,
            0.6263203024864197
        ],
        [
            -0.3834339380264282,
            1.7945064306259155,
            -0.17210231721401215,
            1.2883894443511963,
            1.0395753383636475,
            0.31995099782943726,
            0.06949809193611145
        ],
        [
            -0.43095797300338745,
            0.4978278875350952,
            -0.02089925855398178,
            -0.12257479131221771,
            0.057301755994558334,
            -0.23040428757667542,
            0.020983299240469933
        ],
        [
            1.4371275901794434,
            -0.1450321227312088,
            0.0898699089884758,
            0.008030060678720474,
            -0.10096240788698196,
            1.0612603425979614,
            -1.3306665420532227
        ],
        [
            0.7833305597305298,
            -0.16220244765281677,
            -0.2177634835243225,
            0.9729282855987549,
            -0.3550477921962738,
            -0.25856781005859375,
            0.08102075010538101
        ],
        [
            0.39154043793678284,
            -2.426126480102539,
            -0.8762577176094055,
            0.620479166507721,
            -0.09241056442260742,
            0.07625135779380798,
            -0.26126718521118164
        ],
        [
            -0.667626142501831,
            -0.3382066786289215,
            -0.44299113750457764,
            -0.1863027811050415,
            -1.691140055656433,
            -0.5636134147644043,
            -0.2101375311613083
        ],
        [
            0.16857534646987915,
            0.0700845718383789,
            0.35219454765319824,
            0.45631182193756104,
            -0.5881657600402832,
            0.22298197448253632,
            -0.6451221108436584
        ],
        [
            -0.7932824492454529,
            -2.01935076713562,
            -0.33940383791923523,
            -0.04790527746081352,
            0.05531945079565048,
            -0.34657734632492065,
            0.6670374274253845
        ],
        [
            0.5856459736824036,
            -0.10787501931190491,
            -0.3267461657524109,
            0.45922115445137024,
            0.8377934694290161,
            0.40207424759864807,
            -0.9468941688537598
        ],
        [
            -0.3076692521572113,
            0.469170480966568,
            -0.034985341131687164,
            0.05856655538082123,
            -0.22728410363197327,
            -0.27982938289642334,
            -0.0378977507352829
        ],
        [
            -0.6791497468948364,
            0.8925910592079163,
            0.30971580743789673,
            0.8401980996131897,
            0.020707018673419952,
            -0.2898562252521515,
            0.22001509368419647
        ],
        [
            -0.4679369628429413,
            0.5259246826171875,
            0.09383665770292282,
            -0.6682832837104797,
            -0.06167258322238922,
            -0.7377718687057495,
