{
    "num_node": 32,
    "num_input": 11,
    "mean": [
        5306.099923387076,
        0.06843502352432382,
        0.021526756500782084,
        0.006046299458825128,
        7.558791165748858e-06,
        0.4375468915761037,
        3.8086225210178393,
        0.2892375895496089,
        3.6126489261161376,
        9.40731489178212,
        11.587969673717721
    ],
    "std": [
        20.401945033068255,
        5.868858783210631,
        17.046005227316602,
        0.2133420856736022,
        0.0026479406327148632,
        0.41238493019597044,
        0.7015371090201692,
        0.5687745295816539,
        0.7058762785973176,
        3.1492228585057647,
        0.6320461376659438
    ],
    "weights1": [
        [
            -0.07579944282770157,
            1.5740916728973389,
            0.015847232192754745,
            0.4553179144859314,
            0.06707586348056793,
            -0.005567203741520643,
            -0.6408764123916626,
            0.10227161645889282,
            0.06908383965492249,
            -0.09371697902679443,
            -0.05391605570912361
        ],
        [
            -0.027664806693792343,
            0.5085939168930054,
            -0.07449011504650116,
            0.884152889251709,
            -0.005897304508835077,
            0.002161515410989523,
            0.021567221730947495,
            3.439310312271118,
            -1.4358668327331543,
            -0.01125338301062584,
            0.0015486337943002582
        ],
        [
            0.145646870136261,
            -0.3215010464191437,
            -0.06619461625814438,
            0.05521649867296219,
            0.1064041256904602,
            -0.4628676474094391,
            -1.3396295309066772,
            -0.05996621400117874,
            -0.049507733434438705,
            -0.05605681613087654,
            -0.04826755449175835
        ],
        [
            -0.7754964232444763,
            0.694124162197113,
            -0.046030327677726746,
            -1.0516053438186646,
            0.04680173099040985,
            0.004708379972726107,
            -0.2359742522239685,
            -0.05425674095749855,
            -0.00626825075596571,
            0.044416073709726334,
            -0.05090581998229027
        ],
        [
            -1.2126002311706543,
            -0.09086651355028152,
            0.06881336867809296,
            2.653654098510742,
            0.10543818026781082,
            -0.032922666519880295,
            -0.002763406839221716,
            0.015141874551773071,
            0.03165687248110771,
            0.0416620597243309,
            0.4299600422382355
        ],
        [
            0.7341000437736511,
            -0.01698852702975273,
            -2.131868362426758,
            0.08418575674295425,
            -1.7455002069473267,
            -0.031129715964198112,
            0.5541691184043884,
            0.06466229259967804,
            -0.05041167885065079,
            0.06432545185089111,
            0.2288491576910019
        ],
        [
            0.462131530046463,
            -0.020314358174800873,
            -0.4870542287826538,
            -0.03429560735821724,
            0.6230279207229614,
            0.022785715758800507,
            -1.2950886487960815,
            0.11602552980184555,
            -0.029455993324518204,
            -0.22813643515110016,
            0.07592015713453293
        ],
        [
            -0.3855496048927307,
            -0.0651281550526619,
            -0.04650382325053215,
            -0.008595098741352558,
            -0.06923845410346985,
            -0.14324654638767242,
            -0.6621021032333374,
            0.03350869193673134,
            -0.057965632528066635,
            0.5275178551673889,
            -0.06498420238494873
        ],
        [
            -0.6064443588256836,
            -0.19760477542877197,
            0.05632172152400017,
            2.1122093200683594,
            0.06658907234668732,
            -0.1606958508491516,
            0.4619925320148468,
            0.043657027184963226,
            0.051724959164857864,
            -0.09730037301778793,
            0.023943062871694565
        ],
        [
            0.6222614645957947,
            0.07158660143613815,
            -0.7905954122543335,
            1.71012282371521,
            1.0621135234832764,
            -0.08830515295267105,
            -0.8488337397575378,
            -0.1015683114528656,
            -0.05581529065966606,
            0.27019357681274414,
            0.019827205687761307
        ],
        [
            -0.5902736186981201,
            0.05807245522737503,
            1.3257768154144287,
            -0.03999302536249161,
            0.46274644136428833,
            0.14119639992713928,
            0.3902878761291504,
            -0.03658405691385269,
            0.09934064745903015,
            -0.04034561663866043,
            -0.15528753399848938
        ],
        [
            -0.11599448323249817,
            0.04229661449790001,
            1.8935658931732178,
            0.0007179866661317647,
            -0.44067201018333435,
            0.39046549797058105,
            -0.5367017984390259,
            -0.03162549063563347,
            0.024001644924283028,
            -0.0917951837182045,
            -0.14339180290699005
        ],
        [
            -0.36680853366851807,
            0.019993573427200317,
            -0.0284475926309824,
            -0.06423972547054291,
            -0.06489566713571548,
            0.1476414054632187,
            -0.9853598475456238,
            -0.25702163577079773,
            1.1994519233703613,
            -0.5335521697998047,
            -0.03405516967177391
        ],
        [
            -0.03914688155055046,
            -0.8548853993415833,
            -0.04187549278140068,
            -0.04088146984577179,
            -0.09151703119277954,
            0.08008516579866409,
            0.22172272205352783,
            -0.005449718330055475,
            0.025017766281962395,
            0.030910830944776535,
            -0.13879558444023132
        ],
        [
            0.02516843192279339,
            1.0084607601165771,
            0.049765054136514664,
            0.5281087160110474,
            0.0724203884601593,
            -0.1945461928844452,
            0.6844213604927063,
            -0.04642163962125778,
            -0.11482091248035431,
            0.22683601081371307,
            -0.01856076344847679
        ],
        [
            -0.332138329744339,
            -0.370370090007782,
            0.6059415340423584,
            1.591883659362793,
            -0.7269263863563538,
            0.1287698596715927,
            0.44619253277778625,
            -0.06823435425758362,
            -0.00525104533880949,
            0.07416665554046631,
            0.024927077814936638
        ],
        [
            -0.8411584496498108,
            1.5574885606765747,
            0.051486119627952576,
            0.5071170926094055,
            0.08558251708745956,
            0.015693599358201027,
            0.2996951639652252,
            0.004991707392036915,
            -0.09512173384428024,
            -0.02713840641081333,
            0.08059050142765045
        ],
        [
            -0.07448413223028183,
            0.5517241358757019,
            -0.3119654357433319,
            0.7632588744163513,
            -0.14724601805210114,
            0.007185391616076231,
            -0.09659083187580109,
            -0.5886719822883606,
            1.3097245693206787,
            0.06267201155424118,
            0.030554797500371933
        ],
        [
            0.17546863853931427,
            1.6382980346679688,
            0.12429877370595932,
            2.005276918411255,
            -0.03798592835664749,
            -0.30618929862976074,
            0.9913874864578247,
            -0.014267954975366592,
            -0.18655894696712494,
