{
    "num_node": 32,
    "num_input": 10,
    "mean": [
        5303.261184806592,
        0.06331607690841942,
        0.08694096501203535,
        -2.6285766532609918e-05,
        -2.975883911838187e-06,
        -1.366678451267714,
        3.6863031125549797,
        11.537891139429846,
        -2.8643836336279103,
        3.8483187060816633
    ],
    "std": [
        21.541334665064454,
        6.688233591951106,
        19.929903512660363,
        0.2077130194857653,
        0.0033829424156962646,
        1.2886569520432947,
        0.7692331441135835,
        0.6720158151341467,
        2.0408247291591626,
        0.4069507243805804
    ],
    "weights1": [
        [
            -0.12457217276096344,
            0.785194993019104,
            -0.1649104207754135,
            0.6635870337486267,
            -0.021766608580946922,
            0.125168576836586,
            -1.1602325439453125,
            -0.11760000139474869,
            0.0899679884314537,
            -0.2545310854911804
        ],
        [
            0.12249571830034256,
            -0.2316572219133377,
            -0.9623063206672668,
            -0.9001385569572449,
            -0.45710641145706177,
            0.04387529939413071,
            -0.5914188623428345,
            -0.003001703880727291,
            -0.8258421421051025,
            0.05035212263464928
        ],
        [
            0.18011260032653809,
            -0.6325157880783081,
            0.9764489531517029,
            -1.600100040435791,
            0.38101282715797424,
            0.2219952791929245,
            -0.995262861251831,
            -0.048351358622312546,
            -1.726507306098938,
            -0.15243582427501678
        ],
        [
            -0.10803712904453278,
            0.6159345507621765,
            0.8391883373260498,
            -0.3832603693008423,
            0.6923441290855408,
            -0.04096190631389618,
            -0.7803083658218384,
            -0.0019545326940715313,
            -0.19802384078502655,
            -0.08278592675924301
        ],
        [
            0.8111019134521484,
            0.044851601123809814,
            0.12831231951713562,
            0.12394095212221146,
            -1.0369155406951904,
            0.2339697629213333,
            -0.8739250302314758,
            0.015557829290628433,
            0.22698402404785156,
            -0.04947216808795929
        ],
        [
            -1.5467023849487305,
            -0.8818989992141724,
            -0.3650892674922943,
            -0.2804811894893646,
            0.01750778965651989,
            0.6826022267341614,
            -0.9900180697441101,
            -0.014814851805567741,
            -0.02074315771460533,
            -0.048387426882982254
        ],
        [
            -0.9214442372322083,
            -0.11882589757442474,
            -0.22076936066150665,
            0.031805697828531265,
            -0.15290401875972748,
            -0.10793989896774292,
            -1.072846531867981,
            0.45909377932548523,
            -0.02809920720756054,
            -0.24392561614513397
        ],
        [
            0.6852415800094604,
            0.36490198969841003,
            0.613017201423645,
            0.21380814909934998,
            -0.005613837856799364,
            0.31844785809516907,
            -1.3091521263122559,
            0.0905958041548729,
            -0.7029989957809448,
            -0.04152537137269974
        ],
        [
            -0.26267704367637634,
            -1.2508649826049805,
            -0.29928597807884216,
            -1.015084981918335,
            0.03909769654273987,
            -0.06811372935771942,
            -1.564007043838501,
            0.033559657633304596,
            -0.1182606890797615,
            -0.08829642087221146
        ],
        [
            1.9393668174743652,
            -0.9668750166893005,
            0.3670493960380554,
            -0.327434778213501,
            0.23937004804611206,
            -0.6471137404441833,
            1.2472895383834839,
            0.030285445973277092,
            -0.14994306862354279,
            0.07001470029354095
        ],
        [
            -1.04551100730896,
            -0.3557707667350769,
            -0.08866820484399796,
            1.1832562685012817,
            -0.05983169376850128,
            -0.0972895696759224,
            -0.04094436392188072,
            0.022809617221355438,
            0.20477856695652008,
            0.0830405205488205
        ],
        [
            -0.008572026155889034,
            -0.1895180642604828,
            -1.0108513832092285,
            -1.268087387084961,
            -0.5032210946083069,
            0.33225762844085693,
            0.7458820939064026,
            0.031233476474881172,
            1.1975172758102417,
            0.009454043582081795
        ],
        [
            -1.104251503944397,
            0.003049751976504922,
            -2.4460220336914062,
            0.009477217681705952,
            -2.473083019256592,
            0.37225213646888733,
            0.638009786605835,
            0.10772748291492462,
            -0.2984295189380646,
            0.26443758606910706
        ],
        [
            -0.15332770347595215,
            -0.19002993404865265,
            0.2569974958896637,
            -0.012918803840875626,
            0.07339905202388763,
            -0.5796252489089966,
            0.460103839635849,
            0.022028563544154167,
            2.7060348987579346,
            -0.027700288221240044
        ],
        [
            0.43704381585121155,
            -1.742693305015564,
            -1.6232836246490479,
            -0.2913394570350647,
            -0.5823791027069092,
            -0.10451680421829224,
            -0.07960213720798492,
            -0.05374130606651306,
            0.04500189796090126,
            -0.04564227908849716
        ],
        [
            1.889338731765747,
            -0.3710114359855652,
            0.12045782059431076,
            1.7759257555007935,
            0.05113033950328827,
            -0.13654009997844696,
            0.09555219858884811,
            0.018031839281320572,
            -0.01649567112326622,
            -0.10376694798469543
        ],
        [
            0.433511346578598,
            0.6022778153419495,
            -0.42188307642936707,
            -0.1533830761909485,
            -0.6212849020957947,
            -0.5414444208145142,
            0.15684732794761658,
            0.3459205627441406,
            0.5585866570472717,
            -0.1350882202386856
        ],
        [
            0.011438324116170406,
            -0.521551251411438,
            0.5323203206062317,
            -0.4170023202896118,
            0.08893859386444092,
            0.8865309953689575,
            -0.7025653123855591,
            0.04999757930636406,
            -1.6933940649032593,
            0.1491580456495285
        ],
        [
            -0.018065864220261574,
            -0.2956186830997467,
            0.7057839632034302,
            0.2457323521375656,
            0.4051033854484558,
            0.18671810626983643,
            -0.7271143198013306,
            0.16609643399715424,
            0.3790039122104645,
            -0.47449228167533875
        ],
        [
            0.19668030738830566,
            0.1478949934244156,
            -1.648958683013916,
            0.5485538840293884,
            -0.5410953760147095,
            0.42472150921821594,
            -0.5702828764915466,
            -0.012877998873591423,
            -0.819849967956543,
            0.19681109488010406
        ],
        [
            0.5255032181739807,
            0.6207603812217712,
            -0.42457956075668335,
            1.2222506999969482,
            -0.12861518561840057,
            0.6156518459320068,
            -0.9151279926300049,
            0.01228438038378954,
            -1.783095359802246,
