{
    "metadata": {
        "version": 1,
        "features": [
            "ut_x",
            "ut_y",
            "ut_tx",
            "ut_ty",
            "ut_chi2",
            "ut_nhits",
            "ft_chi2",
            "ft_nhits",
            "eta",
            "dtx",
            "dy"
        ]
    },
    "StandardScaler_0.mean": [
        2.282541165021362,
        1.52868912720949,
        0.0006101308301033179,
        0.0006808968793772258,
        7.522251939591103,
        4.021139735011188,
        0.6543943852241662,
        11.514772777692091,
        3.9240208418684936,
        -0.0021557658751199657,
        0.24080579561207413
    ],
    "StandardScaler_0.standard_deviation": [
        110.12731143650639,
        102.35278878600498,
        0.04878125242850388,
        0.0457455923070305,
        5.508392416059747,
        0.5246132069924304,
        0.5373889102823529,
        0.6878039281977861,
        0.6888534544477335,
        0.4888479413222788,
        46.76530479898516
    ],
    "Linear_1.weights": [
        [
            -0.44023698568344116,
            0.7961516976356506,
            0.5672792792320251,
            -0.796362042427063,
            -1.0096004009246826,
            0.09741136431694031,
            -0.07938995212316513,
            0.08335845172405243,
            0.3524617552757263,
            -0.017725327983498573,
            2.20694899559021
        ],
        [
            0.27153512835502625,
            4.204476833343506,
            -0.31907084584236145,
            -5.193095684051514,
            -0.013997567817568779,
            0.008037997409701347,
            0.013030263595283031,
            -0.0010714629897847772,
            -0.1452016830444336,
            0.19117800891399384,
            1.2862844467163086
        ],
        [
            -3.723705291748047,
            2.5585083961486816,
            4.103265762329102,
            -2.842841148376465,
            -0.01841042749583721,
            -0.0030338256619870663,
            -0.005051315762102604,
            0.001319676754064858,
            0.006255578249692917,
            -0.5533064007759094,
            -0.5886666178703308
        ],
        [
            4.272051811218262,
            -2.213867664337158,
            -4.741119861602783,
            2.4571619033813477,
            -0.008193964138627052,
            -0.0006983108469285071,
            -0.005188741721212864,
            0.0031318869441747665,
            0.05700503662228584,
            0.6672293543815613,
            0.3913116157054901
        ],
        [
            0.20533807575702667,
            2.204704523086548,
            -0.1812891662120819,
            -1.2714934349060059,
            -0.311298131942749,
            0.1521655023097992,
            -0.03511419892311096,
            -0.06329822540283203,
            -1.0035719871520996,
            -0.036179281771183014,
            1.814399003982544
        ],
        [
            -0.17498470842838287,
            1.1908105611801147,
            0.22248990833759308,
            0.05805023014545441,
            -0.1502222716808319,
            0.00792255811393261,
            -0.486152708530426,
            0.167440265417099,
            -0.17075097560882568,
            -0.027890274301171303,
            -0.4314180314540863
        ],
        [
            2.3406269550323486,
            -3.1582765579223633,
            -2.5460941791534424,
            3.4400956630706787,
            -0.014470482245087624,
            0.006840537767857313,
            0.004546619951725006,
            0.0001357878791168332,
            -0.04269956424832344,
            0.29417523741722107,
            0.6925988793373108
        ],
        [
            -0.1625114381313324,
            0.21304009854793549,
            0.18897205591201782,
            -0.21462556719779968,
            -1.8871088027954102,
            0.5793816447257996,
            -0.5007509589195251,
            0.1947747766971588,
            0.4022262692451477,
            -0.006007903255522251,
            0.18664409220218658
        ],
        [
            -0.5238107442855835,
            0.10064290463924408,
            0.5916681289672852,
            0.4426082670688629,
            -0.020894840359687805,
            -0.01934451051056385,
            0.20496025681495667,
            0.03537457063794136,
            0.03912581875920296,
            -0.288252055644989,
            -3.036619186401367
        ],
        [
            -0.35093164443969727,
            1.3943418264389038,
            0.45593249797821045,
            -1.5795602798461914,
            -0.10378488898277283,
            -0.0812741070985794,
            -0.044216886162757874,
            0.014236310496926308,
            0.14609399437904358,
            -0.09441069513559341,
            1.6092054843902588
        ],
        [
            0.2854180932044983,
            2.6699399948120117,
            -0.32267099618911743,
            -3.25606632232666,
            0.07895383983850479,
            0.015934791415929794,
            -0.06981391459703445,
            0.023638037964701653,
            0.19558025896549225,
            0.0810014083981514,
            0.8033444881439209
        ],
        [
            0.1729656308889389,
            -1.031571388244629,
            -0.19314032793045044,
            -0.758762538433075,
            -0.217670276761055,
            0.025445766746997833,
            0.1462508589029312,
            -0.01908758655190468,
            -0.08191508054733276,
            0.03535887226462364,
            0.8547017574310303
        ],
        [
            -0.07174911350011826,
            0.22649738192558289,
            0.0777779072523117,
            -0.2704724371433258,
            0.38640570640563965,
            -0.5938612222671509,
            0.14116989076137543,
            -0.03842683508992195,
            0.2567312717437744,
            0.007158930413424969,
            0.356818825006485
        ],
        [
            -0.08812606334686279,
            -0.2404095083475113,
            0.11851884424686432,
            0.4234507083892822,
            -1.0117937326431274,
            0.24642717838287354,
            -0.01185265276581049,
            0.032036855816841125,
            0.15546554327011108,
            -0.029222197830677032,
            -1.7104917764663696
        ],
        [
            -0.7595725059509277,
            -3.346996545791626,
            0.8739132285118103,
            4.422761917114258,
            0.2955174148082733,
            -0.08679692447185516,
            -0.015644876286387444,
            0.0380706787109375,
            0.41893690824508667,
            -0.13649092614650726,
            0.3777157664299011
        ],
        [
            4.801207542419434,
            -3.2935755252838135,
            -5.352779388427734,
            3.637498378753662,
            -0.04751026630401611,
            0.056715451180934906,
            -0.09704476594924927,
            0.031933411955833435,
            0.01352319773286581,
            0.6357811689376831,
            0.687044620513916
        ],
        [
            -3.8102221488952637,
            3.201054334640503,
            4.230357646942139,
            -3.442599296569824,
            -0.029123904183506966,
            0.050020333379507065,
            -0.08489260077476501,
            0.02186472713947296,
            -0.0009047495550476015,
            -0.5167097449302673,
            -0.7422164678573608
        ],
        [
            0.05309155210852623,
            0.16716405749320984,
            -0.044266946613788605,
            -0.12232394516468048,
            0.46130138635635376,
            0.6710516810417175,
            -0.0956420823931694,
            -0.012382378801703453,
            0.305856317281723,
            0.045348383486270905,
            0.14215026795864105
        ],
        [
            -0.7292178869247437,
