{"metadata": {"version": 1, "features": ["Chi2", "NDOF", "LogPt", "Eta", "FitTChi2", "FitTNDOF", "nUTHits", "nUTOutliers"]}, "_stack.Linear_0.weight": [[-0.2701740860939026, 0.2778499126434326, -0.06880674511194229, -0.28162094950675964, 0.08052583783864975, -0.27447831630706787, -0.28054720163345337, 0.021538177505135536], [0.35483717918395996, 1.8073614835739136, -0.15768082439899445, 3.3050873279571533, -0.3503093719482422, -2.3185136318206787, -3.0831637382507324, 7.3473992347717285], [-0.032455235719680786, -1.7189372777938843, 1.0223166942596436, 0.41351398825645447, 0.09484470635652542, 1.416642189025879, -2.7383694648742676, -0.32678481936454773], [0.3006257712841034, -2.726783514022827, 0.25725457072257996, 2.6497437953948975, -0.06368239223957062, 2.3375368118286133, 2.699399471282959, 1.1450822353363037], [0.050781648606061935, 2.6216113567352295, -0.13442859053611755, -0.5683387517929077, 0.20222042500972748, -2.4623496532440186, -2.207153081893921, 0.8731335997581482], [-0.4924216866493225, 0.21289260685443878, 0.34595924615859985, -3.330209493637085, 0.37439781427383423, 0.6882336139678955, 1.0721783638000488, -3.9656667709350586], [0.03695090115070343, 0.02039625123143196, -0.19578315317630768, -0.1483069658279419, -0.10337458550930023, -0.34441596269607544, 0.018373707309365273, 0.0625290647149086], [-0.06112141162157059, 1.4061527252197266, 1.7854514122009277, 1.256664514541626, 0.16165950894355774, -2.7873950004577637, -0.9674891829490662, 1.7966411113739014], [0.10845746845006943, -1.7541698217391968, 3.1952319145202637, -0.1844107061624527, 0.20016853511333466, -1.7012323141098022, 1.9913580417633057, 0.7476989030838013], [-0.011145276017487049, -1.0524498224258423, -1.778641700744629, -0.3003314137458801, 0.050215329974889755, 0.8592442274093628, 1.232187032699585, -0.8795327544212341], [-0.5286548137664795, -0.36101290583610535, 0.17292681336402893, -1.076346755027771, 0.17959856986999512, 3.173384189605713, 1.5820856094360352, -3.4917914867401123], [-0.0026433966122567654, -0.471538782119751, 0.07026403397321701, -0.2290055751800537, -0.08581914752721786, 0.12965849041938782, 0.46494898200035095, -0.21473491191864014], [0.114566870033741, -1.4024059772491455, 2.752607583999634, -4.926068305969238, -0.031030479818582535, 1.020084023475647, 1.1640031337738037, -0.9326615929603577]], "_stack.Linear_0.bias": [-0.1424681544303894, 1.4072327613830566, 9.339719772338867, 2.7627084255218506, -1.1515440940856934, -1.359904408454895, 0.15404188632965088, -5.5227227210998535, -1.9348446130752563, 13.895380020141602, -3.6206459999084473, 0.4578701853752136, 4.575276851654053], "_stack.Linear_2.weight": [[0.1689240038394928, 1.4878144264221191, 6.138357639312744, -0.09677959978580475, -2.282801628112793, 0.9458568692207336, -0.12755084037780762, -1.7751003503799438, -2.129424810409546, -3.4948384761810303, -0.988745927810669, -0.031002895906567574, 1.5911067724227905], [0.2499065101146698, 0.5450993776321411, -0.11305122077465057, -0.7866568565368652, 0.05461972579360008, -1.954779028892517, 0.0370432585477829, 1.148721694946289, 0.501029908657074, -6.433469772338867, 0.07867524027824402, -0.07541434466838837, -0.10550794005393982], [0.2695869207382202, -0.2027859389781952, -1.319385290145874, -0.6924877762794495, 0.08073318749666214, -1.2147759199142456, 0.26030999422073364, 0.35397467017173767, 0.4198816418647766, -10.287260055541992, 0.16810275614261627, 0.04562678933143616, 2.2935163974761963], [-0.17789702117443085, 0.5874043107032776, -0.011772183701395988, 0.2759745419025421, -0.015646647661924362, 0.089423768222332, -0.24586746096611023, 1.5994949340820312, 0.1574956178665161, -6.97273588180542, 0.7295690774917603, 0.12563294172286987, -1.8383394479751587], [0.1631156951189041, 0.09266893565654755, 0.7688109278678894, 0.33966559171676636, -0.012439733371138573, -0.22423632442951202, -0.14987626671791077, 1.976906418800354, 0.2730633318424225, -4.029359340667725, -0.17511555552482605, 0.10490000993013382, -0.6524273157119751], [-0.24321922659873962, -0.5239672660827637, 3.063181161880493, -1.7550177574157715, -2.342146158218384, -0.15856145322322845, -0.2559579014778137, -0.0419364869594574, -1.626348614692688, -4.063117980957031, -0.041990578174591064, -0.24265746772289276, -1.4019005298614502], [0.08702980726957321, -0.34388718008995056, -22.377872467041016, -0.3056611716747284, -0.036331892013549805, 2.4833385944366455, 0.16992685198783875, 0.21042892336845398, -0.9550959467887878, 0.607725977897644, 1.1130884885787964, 0.14624394476413727, 1.0598094463348389], [-0.11016219854354858, 0.4537123739719391, 0.09464462846517563, -0.45388609170913696, 0.5668847560882568, -8.080449104309082, 0.1074351891875267, -1.541595458984375, -0.061405863612890244, 3.0430831909179688, -0.20683133602142334, 0.1919194459915161, -0.9770412445068359], [0.16408133506774902, 5.058839321136475, 0.17850759625434875, -5.4599103927612305, 4.537067413330078, 3.415945529937744, 0.05968291684985161, 2.2462167739868164, -0.19792591035366058, 0.17661669850349426, 1.3556870222091675, 0.05395955964922905, 0.19366520643234253], [0.037956446409225464, -1.1640623807907104, 5.315269947052002, -1.0940086841583252, -1.9315153360366821, 0.6036629676818848, -0.15598919987678528, 1.0851974487304688, 0.2996160089969635, -1.2184429168701172, -0.2619974911212921, -0.06850279867649078, -0.5803000330924988], [-0.2715871036052704, 1.010657787322998, 3.438297986984253, -0.006733655463904142, -0.561055064201355, -1.3035110235214233, -0.023533441126346588, -1.1708745956420898, 0.6555665731430054, 0.35435768961906433, -0.352874219417572, -0.004107203334569931, 0.9069166779518127], [0.18785853683948517, 0.015155812725424767, 0.05205630883574486, -0.08920206129550934, 0.000995352864265442, -0.05332697555422783, -0.023579562082886696, -0.2162996083498001, -0.0017056720098480582, -0.23021285235881805, -0.059666551649570465, 0.16073720157146454, -0.19285547733306885], [-0.18694832921028137, -0.25079935789108276, -107.7735595703125, -0.6323536038398743, -0.2165604829788208, -5.873353481292725, -0.1910610944032669, -0.2464934140443802, 1.3931756019592285, 0.5762249231338501, -0.5647382140159607, -0.2062014937400818, -0.7861011624336243]], "_stack.Linear_2.bias": [-1.4023633003234863, -2.6540141105651855, 0.3628382980823517, -4.6188154220581055, 1.5704584121704102, -1.1985652446746826, 0.3325338363647461, -0.6919007897377014, -0.9607617259025574, 0.6630322337150574, 2.689570426940918, 0.040346093475818634, -1.7591246366500854], "_stack.Linear_4.weight": [[0.06598813086748123, -0.20318977534770966, 0.15650705993175507, 0.2316247671842575, -0.23533044755458832, 0.019334550946950912, 0.1524576097726822, -0.14180824160575867, 2.013089656829834, -0.06951970607042313, -0.1431976705789566, 0.13325372338294983, 0.01710795797407627]], "_stack.Linear_4.bias": [-1.079877257347107],