{"metadata": {"version": 1, "features": ["Chi2", "nVPHits", "Eta"]}, "_stack.Linear_0.weight": [[0.1441766917705536, 0.391743540763855, 0.10426019877195358], [0.0948815569281578, 0.5827589631080627, -0.2613130807876587], [-0.034001316875219345, 0.45292800664901733, -1.3731340169906616], [-0.19070866703987122, 0.6854614019393921, 0.5951069593429565], [6.448405474657193e-05, 0.006386814173310995, 0.449537068605423], [-0.2333950698375702, 0.5454476475715637, -0.014769336208701134], [-0.12829144299030304, -0.4170738756656647, -0.2519238293170929], [-0.40701261162757874, -0.15668706595897675, 0.03146248310804367]], "_stack.Linear_0.bias": [-1.8640027046203613, -0.35072341561317444, 1.7458224296569824, -0.5158678293228149, -2.0527970790863037, -0.3654843866825104, -0.2830761671066284, -0.4434458017349243], "_stack.Linear_2.weight": [[0.4761184751987457, 0.3336133062839508, 0.9248025417327881, 0.15299920737743378, 0.9044256210327148, 0.38955968618392944, -0.04436963051557541, -0.19964304566383362], [-0.45168301463127136, 0.15527752041816711, 1.6596124172210693, -0.49267515540122986, 0.46689024567604065, -0.04962349310517311, -0.30694347620010376, 0.1012573391199112], [0.477848619222641, 0.5034921765327454, 0.5566049814224243, -0.32629504799842834, 0.6577317118644714, 0.5333643555641174, -0.19178025424480438, 0.08020161837339401], [0.12213871628046036, -0.24502088129520416, 0.9860308766365051, 0.41919878125190735, 1.3230881690979004, -0.16150008141994476, -0.1041179746389389, -0.18527518212795258], [0.4205031394958496, 0.34876754879951477, 0.6770983338356018, 0.007637464441359043, 1.1796878576278687, 0.35053521394729614, -0.12573006749153137, 0.10218827426433563], [-0.640962541103363, 0.05252948775887489, -0.5417549014091492, 0.14440809190273285, -2.971376419067383, -0.5819506049156189, -0.21961845457553864, 0.2514691650867462], [0.501140296459198, 0.39700019359588623, 1.114830493927002, -0.05290203541517258, 1.0703480243682861, -0.17279288172721863, 0.08045108616352081, 0.15885981917381287], [0.4972616732120514, 0.1140533909201622, 1.1650294065475464, 0.12245436012744904, 0.6654170155525208, 0.1729516237974167, 0.07218857109546661, -0.23744551837444305]], "_stack.Linear_2.bias": [-0.3601253032684326, -0.09337205439805984, -0.7989315986633301, -0.301981121301651, -0.12179690599441528, 1.3144415616989136, 0.3083817660808563, 0.03917207568883896], "_stack.Linear_4.weight": [[0.44811558723449707, -2.7664220333099365, -1.311662197113037, 0.5408280491828918, 0.3310612738132477, -2.1260528564453125, 0.6075666546821594, 0.7393432259559631]], "_stack.Linear_4.bias": [-0.23374086618423462], "PiecewiseLinearTransform_6.quantiles": [0.0, 0.010561222294357497, 0.020737506062867523, 0.030538263078318792, 0.039972815241123616, 0.04905039457931786, 0.05778014324856099, 0.06617111353213603, 0.0742322678409496, 0.0819724787135319, 0.08940052881603669, 0.09652511094224132, 0.10335482801354672, 0.10989819307897739, 0.11616362931518141, 0.12215947002643046, 0.12789395864461978, 0.13337524872926815, 0.138611403967518, 0.14361039817413532, 0.14838011529150963, 0.15292834938965408, 0.15726280466620537, 0.1613910954464238, 0.16532074618319323, 0.1690591914570211, 0.17261377597603847, 0.1759917545759999, 0.17920029222028358, 0.18224646399989128, 0.18513725513344834, 0.18787956096720365, 0.19048018697502975, 0.19294584875842266, 0.19528317204650206, 0.1974986926960112, 0.19959885669131686, 0.2015900201444094, 0.20347844929490286, 0.20527032051003472, 0.20697172028466612, 0.20858864524128176, 0.21012700212998994, 0.2115926078285225, 0.21299118934223485, 0.21432838380410604, 0.21560973847473863, 0.21684071074235883, 0.21802666812281635, 0.21917288825958453, 0.22028455892376028, 0.2213667780140641, 0.22242455355684002, 0.2234628037060557, 0.22448635674330236, 0.22549995107779477, 0.22650823524637134, 0.227515767913494, 0.22852701787124832, 0.22954636403934336, 0.23057809546511185, 0.23162641132351003, 0.23269542091711776, 0.23378914367613846, 0.23491150915839915, 0.2360663570493504, 0.23725743716206635, 0.23848840943724475, 0.23976284394320693, 0.24108422087589776, 0.24245593055888573, 0.24388127344336288, 0.24536346010814486, 0.24690561125967087, 0.24851075773200368, 0.2501818404868297, 0.2519217106134588, 0.2537331293288246, 0.2556187679774841, 0.25758120803161805, 0.2596229410910307, 0.2617463688831498, 0.26395380326302686, 0.26624746621333684, 0.2686294898443783, 0.2711019163940734, 0.27366669822796785, 0.276325697839231, 0.2790806878486557, 0.28193335100465844, 0.28488528018327924, 0.2879379783881817, 0.29109285875065305, 0.29435124452960404, 0.29771436911156907, 0.301183376010706, 0.30475931886879637, 0.3084431614552453, 0.31223577766708144, 0.316137951528957, 0.3201503771931479, 0.3242736589395534, 0.3285083111756966, 0.3328547584367241, 0.33731333538540587, 0.34188428681213573, 0.34656776763493097, 0.35136384289943245, 0.35627248777890463, 0.3612935875742356, 0.36642693771393686, 0.37167224375414365, 0.3770291213786147, 0.3824970963987324, 0.38807560475350267, 0.39376399250955496, 0.3995615158611424, 0.40546734113014166, 0.4114805447660529, 0.417600113346, 0.42382494357473033, 0.43015384228461484, 0.43658552643564813, 0.4431186231154483, 0.44975166953925705, 0.45648311304993966, 0.463311311117985, 0.47023453134150556, 0.47725095144623725, 0.4843586592855397, 0.4915556528403962, 0.4988398402194134, 0.5062090396588217, 0.5136609795224749, 0.5211932983018506, 0.5288035446160497, 0.5364891772117971, 0.5442475649634408, 0.5520759868729528, 0.5599716320699283, 0.5679315998115864, 0.5759528994827695, 0.5840324505959439, 0.5921670827911991, 0.6003535358362485, 0.6085884596264289, 0.6168684141847007, 0.625189869661648, 0.6335492063354784, 0.6419427146120229, 0.6503665950247364, 0.6588169582346971, 0.6672898250306071, 0.6757811263287916, 0.6842867031732, 0.6928023067354045, 0.7013235983146018, 0.7098461493376114, 0.7183654413588766, 0.7268768660604645, 0.7353757252520656, 0.7438572308709941, 0.7523165049821875, 0.7607485797782072, 0.769148397579238, 0.7775108108330884, 0.7858305821151902, 0.7941023841285991, 0.8023207997039943, 0.8104803217996783, 0.8185753535015777, 0.8266002080232423, 0.8345491087058455, 0.8424161890181844, 0.8501954925566796, 0.8578809730453754, 0.8654664943359394, 0.872945830407663, 0.8803126653674613, 0.8875605934498727, 0.8946831190170593, 0.9016736565588068, 0.9085255306925245, 0.9152319761632451, 0.9217861378436252, 0.9281810707339445, 0.9344097399621069, 0.9404650207836392, 0.9463396985816924, 0.9520264688670407, 0.9575179372780819, 0.9628066195808376, 0.9678849416689528, 0.9727452395636961, 0.9773797594139596, 0.9817806574962592, 0.9859400002147342, 0.9898497641011474, 0.9935018358148856, 0.9968880121429586, 1.0]}