{"metadata": {"version": 1, "features": ["Chi2PerNDOF", "LogPt", "Eta", "FitTChi2PerNDOF", "FitUTChi2PerNDOF", "nUTHits", "nUTOutliers"]}, "_stack.Linear_0.weight": [[0.2458164244890213, -0.16942010819911957, 1.0334641933441162, 0.0454041063785553, 0.3689788281917572, -0.42878258228302, 1.511286973953247], [0.4869384467601776, -0.28241896629333496, -0.045734040439128876, -1.0305129289627075, -0.12272969633340836, -0.42477327585220337, 0.3736191689968109], [-1.2204370498657227, 0.8237863183021545, -0.5241175889968872, 0.7096046805381775, 0.22909685969352722, 0.802793562412262, -0.8262195587158203], [-2.8541767597198486, -0.13168616592884064, -0.43876123428344727, 1.9595836400985718, 0.9464378952980042, 0.4063258171081543, -1.7099672555923462], [-1.7471219301223755, 0.2997819781303406, 0.2780943810939789, 0.8201723098754883, -0.36818963289260864, 0.8737562298774719, -1.2574832439422607], [0.48115766048431396, -0.02284589596092701, -0.7303184270858765, -0.4523334503173828, -0.038855332881212234, 1.5700716972351074, -2.1726925373077393], [0.22390365600585938, -1.1998018026351929, 0.30703622102737427, 0.04032221809029579, -0.10284087061882019, 0.4087662398815155, 0.0006372095085680485], [-0.0068896920420229435, -0.08681648969650269, -0.25701168179512024, -0.17808090150356293, -0.1967647671699524, 0.11682184785604477, -0.35298728942871094], [-0.24928951263427734, -0.02509654499590397, -0.18439950048923492, -0.33619409799575806, -0.11834738403558731, -0.0337727852165699, -0.15326645970344543], [0.7196235060691833, -0.23894017934799194, -0.6768952012062073, -0.25707072019577026, -0.14785663783550262, -0.13324739038944244, -0.6817911863327026], [1.1062260866165161, 0.686180591583252, 0.07005439698696136, -0.6056603193283081, -0.14553944766521454, -0.4449598491191864, 0.4617980420589447], [0.2591629922389984, -0.2541033625602722, 1.733769416809082, -0.11831972002983093, -0.09353078901767731, -0.28226181864738464, -0.052681729197502136]], "_stack.Linear_0.bias": [-1.086082935333252, 4.419594764709473, -1.8601818084716797, 1.41867196559906, -1.5906072854995728, -1.6636574268341064, 4.04526948928833, 0.12760810554027557, -0.26860764622688293, 5.700607776641846, -4.652466773986816, -5.196667194366455], "_stack.Linear_2.weight": [[-0.29860812425613403, 0.45811665058135986, -0.5275192856788635, 1.4089524745941162, 0.7118021249771118, -0.12372284382581711, -0.6993550062179565, 0.21252641081809998, 0.19376406073570251, 1.0954784154891968, 2.093798875808716, -1.1412980556488037], [-0.2361213117837906, 0.05733262747526169, -0.281112402677536, -0.274321585893631, 0.18621325492858887, 0.07393459230661392, 0.012891228310763836, 0.06752993911504745, 0.2712325155735016, 0.10289972275495529, -0.1403237134218216, -0.27154240012168884], [-0.9348114132881165, 0.07035616040229797, 0.3658043146133423, -0.16226927936077118, 0.9123517870903015, -0.1747129112482071, 1.284140706062317, 0.20840032398700714, -0.10819528996944427, 1.4177063703536987, 0.5162971615791321, -1.5340020656585693], [-0.24925589561462402, -0.23535558581352234, -0.22536319494247437, -0.06201649084687233, 0.16702991724014282, -0.15199069678783417, 0.1482286900281906, 0.048355016857385635, -0.17902840673923492, 0.17380964756011963, 0.14941710233688354, -0.18138661980628967], [-0.20103029906749725, 0.31706735491752625, -0.3746042847633362, -0.12367119640111923, -0.005019973497837782, -0.15043294429779053, -0.12240155786275864, -0.050576843321323395, -0.26386749744415283, 1.5611790418624878, -0.5616469383239746, -3.3166348934173584], [0.11307015269994736, -0.4325960576534271, 0.991216242313385, -0.12149820476770401, -0.15825091302394867, 0.3218091130256653, 0.2886945903301239, 0.05479949340224266, -0.0935422033071518, -1.458105206489563, 1.7296216487884521, 2.0520477294921875], [-0.017299070954322815, 0.5419527292251587, 0.12249388545751572, -0.1029132828116417, -0.3810269832611084, -1.2590223550796509, -0.885715901851654, 0.00395437004044652, 0.2207387387752533, 0.7796251773834229, 1.0407979488372803, -3.7266478538513184], [0.39543867111206055, -0.3123418390750885, 0.9559453129768372, -0.03321778029203415, 0.2964102327823639, -0.3783361315727234, -1.8305953741073608, -0.09842433780431747, -0.07595515251159668, 0.8969453573226929, 0.1492706537246704, -2.759006977081299], [-1.5861958265304565, 0.5355156660079956, 0.08012837916612625, -0.543536901473999, -0.9914251565933228, -0.638157308101654, 1.897041916847229, 0.26800358295440674, 0.1786070615053177, 1.6350339651107788, 1.2784160375595093, -8.463235855102539], [-0.09449134021997452, -0.5874409079551697, 0.5389242172241211, 2.5748202800750732, -0.1909099668264389, -1.9619717597961426, -0.6964170932769775, -0.04010177031159401, 0.22342300415039062, -0.6837415099143982, 0.8559849858283997, -13.897562980651855], [0.4535200297832489, 0.19096530973911285, -0.4558546543121338, 2.4855432510375977, -0.01564127579331398, 0.7060685753822327, 0.37390539050102234, -0.021660249680280685, -0.12915469706058502, -1.1126723289489746, -1.2717089653015137, 2.963012933731079], [-0.4789721667766571, 0.4642896056175232, -0.2621280252933502, -3.4801101684570312, -0.08598475903272629, 0.4888536334037781, -0.319328248500824, -0.13632692396640778, -0.16671335697174072, 1.0679738521575928, 0.4606441557407379, 1.6402438879013062]], "_stack.Linear_2.bias": [-1.0408685207366943, -0.15931130945682526, -0.2109561413526535, -0.3463645875453949, 2.1358156204223633, -2.85723614692688, 2.0311145782470703, 0.1748816967010498, 0.04716796427965164, 0.021375399082899094, 0.2567462921142578, 0.9308802485466003], "_stack.Linear_4.weight": [[0.23868495225906372, 0.020272744819521904, 0.39448827505111694, -0.15449248254299164, -0.7509559988975525, -0.6195333003997803, -0.4850716292858124, 0.5005439519882202, 0.32548123598098755, -0.6821608543395996, -0.2267618179321289, -0.22447864711284637]], "_stack.Linear_4.bias": [-0.09710858017206192],