{"sigmanet.sigma": [2.0], "sigmanet.nn.0.bias": [-1.843550443649292, 1.5135027170181274, 1.4866493940353394, 1.4234470129013062, -1.0854884386062622, -1.0857082605361938, 2.225935697555542, 0.7535229325294495, 1.0050915479660034, 2.4193904399871826, -1.6872377395629883, 1.4757684469223022, 2.545712471008301, 1.082034707069397, 1.1704001426696777, -1.2561662197113037, 1.110390543937683, 1.4040765762329102, 0.9764077067375183, -1.8623970746994019], "sigmanet.nn.0.weight_orig": [[-1.0537703037261963, 0.6777128577232361, 0.45445430278778076, 1.1064194440841675, 1.2570104598999023, 1.250932216644287], [0.980840265750885, -0.17697779834270477, -0.5055768489837646, -1.0670177936553955, -1.2576690912246704, -1.2277414798736572], [0.9548630714416504, -0.8267690539360046, -0.9720760583877563, 1.1736550331115723, -1.2594541311264038, -1.2488412857055664], [1.2329233884811401, 0.25186479091644287, -0.2937154173851013, -1.2351702451705933, -0.14118552207946777, -1.247023344039917], [-1.027443528175354, 0.25521406531333923, 0.6844348311424255, 1.2599210739135742, 1.2599210739135742, 1.2477716207504272], [-0.6937687993049622, 0.15178319811820984, 0.7591177821159363, -1.2542030811309814, -1.2561500072479248, -0.69005286693573], [0.7750670313835144, 0.5493226051330566, -0.1110183447599411, -1.1984143257141113, 1.258388638496399, -0.8134339451789856], [0.809823751449585, -0.08878066390752792, -0.7477842569351196, -0.020341916009783745, -1.258453607559204, -1.2413119077682495], [0.4124557673931122, 0.40196898579597473, -0.6030423045158386, -0.2446494996547699, 0.33567821979522705, -0.6126250624656677], [0.838391125202179, 1.2599210739135742, -1.2599210739135742, -1.2331666946411133, -1.2578315734863281, -1.2439442873001099], [-1.2171379327774048, 1.0444774627685547, 0.7132397890090942, 1.2335821390151978, 1.2591010332107544, 1.2599210739135742], [0.971772313117981, -0.0799805223941803, -0.7455450296401978, -1.1941007375717163, -1.2576754093170166, -1.2397912740707397], [1.2599210739135742, -0.07124192267656326, -0.22607314586639404, -1.1248703002929688, -1.25789213180542, -1.2434184551239014], [0.6671524047851562, -1.0636142492294312, -1.1072683334350586, -1.159557819366455, -1.2576608657836914, -1.2226299047470093], [0.7745519876480103, 0.23719656467437744, -0.6545372009277344, -0.5857818722724915, -0.32068002223968506, -0.8775553107261658], [-1.1128554344177246, 0.9488959312438965, 0.45796525478363037, 1.1750274896621704, 1.2550908327102661, 1.2519340515136719], [0.7991185188293457, 0.20093019306659698, -0.6220541000366211, 1.1199597120285034, 1.0017871856689453, -0.07486210018396378], [1.0634405612945557, -0.04765459522604942, -0.7004145383834839, -1.2544846534729004, -1.2596333026885986, -1.2515355348587036], [0.875641405582428, 0.5558468699455261, -0.4339742660522461, -0.8958655595779419, -0.18669384717941284, -0.8706464767456055], [-1.0832780599594116, 0.6321536302566528, 0.7624515295028687, 1.0413854122161865, 1.2555224895477295, 1.2257214784622192]], "sigmanet.nn.2.bias": [1.6134796142578125, 1.2580069303512573, -0.973651647567749, 1.5392111539840698, -0.45614197850227356, -0.9470387697219849, 1.1302860975265503, 1.6270177364349365, 1.2734041213989258, -1.2925729751586914, -1.3559213876724243, 0.959457516670227, 1.649119257926941, 1.3850029706954956, -1.2975599765777588, 1.1909366846084595, -1.1418147087097168, 1.5851432085037231, -1.6599622964859009, 1.4472311735153198], "sigmanet.nn.2.weight_orig": [[-0.04247685894370079, 5.74861369386781e-05, 0.00010228829341940582, 0.1929168850183487, -0.18065984547138214, 0.0013603465631604195, 0.00014534596994053572, 0.10467267036437988, -0.00022552143491338938, 0.11583105474710464, -0.2934688329696655, 0.07479792088270187, 0.01464502140879631, 0.06471377611160278, -0.032754212617874146, 0.00014852051390334964, 0.00015691469889134169, 0.11730889976024628, -0.02325647883117199, -0.00022210307361092418], [-0.03820822387933731, -0.0003233901225030422, 3.398691114853136e-05, 0.20570504665374756, -0.21190813183784485, 0.0015423722798004746, 0.00014737209130544215, 0.08649712055921555, 0.00016575898916926235, 0.0866956114768982, -0.4149268567562103, 0.025703154504299164, 0.00041348132072016597, 0.04984867200255394, -0.005527475383132696, 0.0002143958117812872, 0.0001502130035078153, 0.12314498424530029, -0.008715986274182796, 4.876308958046138e-05], [0.02042500115931034, -0.12875746190547943, -0.00028255756478756666, -0.13192175328731537, 0.02220471203327179, -0.0029419641941785812, -0.00032647032639943063, -0.12468315660953522, -0.00019485823577269912, -0.1347946673631668, 0.17194798588752747, -0.10879138857126236, -0.14719577133655548, -0.03693487122654915, 0.020509712398052216, 0.0013882422354072332, -0.00012441136641427875, -0.021928124129772186, 0.18434664607048035, -0.00022131777950562537], [-0.03953275829553604, 0.0047586881555616856, 2.5607896532164887e-05, 0.16354157030582428, -0.13846397399902344, 0.0007591364555992186, -0.00010807677608681843, 0.12481056898832321, 1.3137936548446305e-05, 0.15198498964309692, -0.20140188932418823, 0.12766143679618835, 0.008474111557006836, 0.08030539751052856, -0.035280656069517136, 7.807338988641277e-05, -0.020288817584514618, 0.12340129911899567, -0.03893502801656723, -9.579065954312682e-05], [-0.05271228402853012, 0.08328553289175034, 0.05175770819187164, 0.03796811029314995, -0.03932373598217964, -0.16845864057540894, 0.10148932039737701, 0.05576503276824951, 0.12402310222387314, 0.020347051322460175, -0.028377246111631393, 0.04293893650174141, 0.07676950097084045, 0.021248357370495796, -0.022023141384124756, 0.1025785431265831, 0.08017415553331375, 0.05775130167603493, -0.03688720613718033, 0.05604216828942299], [0.11705710738897324, -0.0007718927226960659, -0.00018886032921727747, -0.147089421749115, 0.13205450773239136, -0.0016250271582975984, -0.00021064304746687412, -0.08056148141622543, 0.00024291187583003193, -0.06818761676549911, 0.14873141050338745, -0.05428500473499298, 0.0006781825213693082, -0.24055853486061096, 0.1017494946718216, -0.0002542984439060092, 0.0001837400341173634, -0.08886871486902237, 0.07646776735782623, -0.00015442079165950418], [-0.0451357401907444, -0.0004587121366057545, 4.7476696636294946e-05, 0.16805706918239594, -0.14407077431678772, 0.0011116075329482555, 0.00022927821555640548, 0.06664413958787918, 0.00015165162039920688, 0.07891658693552017, -0.1984228789806366, 0.041397467255592346, 0.0002229635720141232, 0.3867524564266205, -0.0025586020201444626, 0.0006017765845172107, -0.00018209301924798638, 0.1005849614739418, -0.024281365796923637, 9.347056038677692e-05], [-0.036732546985149384, 0.018917275592684746, 0.00015261146472766995, 0.1929430067539215, -0.19212578237056732, 0.0011831148294731975, -8.953008364187554e-05, 0.08036578446626663, 0.00018386323063168675, 0.11474087089300156, -0.39697590470314026, 0.012394005432724953, 0.00033334005274809897, 0.059090469032526016, -0.02251298539340496, 9.429283818462864e-05, 2.7493535526446067e-05, 0.11001739650964737, -0.020848702639341354, 0.00019207374134566635], [-0.02336147055029869, 0.00016542109369765967, 7.73755818954669e-05, 0.19370760023593903, -0.18936079740524292, 0.0017092271009460092, 2.6276664357283153e-05, 0.05815612152218819, 0.00012559157039504498, 0.11273414641618729, -0.4837132692337036, 0.0020824645180255175, 0.00020115224469918758, 0.04571518301963806, -0.013529565185308456, 0.00048066198360174894, -0.00025399422156624496, 0.11465700715780258, -0.01979571208357811, 6.805641896789894e-05], [0.02119939588010311, -0.014075195416808128, -0.0002405655977781862, -0.19252660870552063, 0.18904446065425873, -0.0014354941667988896, 0.00018264887330587953, -0.043285224586725235, -0.00013331399532034993, -0.09800348430871964, 0.4915185868740082, -0.0020787562243640423, -0.00018338231893721968, -0.056303974241018295, 0.0313587486743927, 0.00026508778682909906, 0.000292421318590641, -0.11284033209085464, 0.004919521976262331, -3.3777407224988565e-05], [0.1099323183298111, 