{"sigmanet.sigma": [2.0], "sigmanet.nn.0.bias": [0.7872916460037231, 0.4591730833053589, 1.961423635482788, -0.49547824263572693, 0.5875194668769836, -1.342752456665039, -6.359019756317139, 0.3482052683830261, -2.3883023262023926, 4.690594673156738, 0.5019851326942444, -1.2766505479812622, 1.3508706092834473, 1.6015524864196777, -0.16630885004997253, 0.5158187747001648, 0.08352713286876678, -1.4068540334701538, -1.3037611246109009, 1.0082403421401978], "sigmanet.nn.0.parametrizations.weight.original": [[-1.2599210739135742, 0.4518422484397888, 1.0933772325515747, 1.2599210739135742, 1.2599210739135742, 1.2599210739135742], [-1.2599210739135742, 1.2599210739135742, 1.1989129781723022, 1.2599210739135742, 1.2599210739135742, 1.2599210739135742], [-0.17746560275554657, -1.2599209547042847, 1.2599210739135742, 1.2599210739135742, 1.2599210739135742, 1.2599210739135742], [1.2599210739135742, -0.9919028282165527, -1.080696702003479, -1.2599210739135742, -1.2599210739135742, -1.2599210739135742], [-1.2599210739135742, 1.2599210739135742, 1.1774121522903442, 1.2599210739135742, 1.2599210739135742, 1.2599210739135742], [0.3472194969654083, 1.2599210739135742, -0.9009038805961609, -1.2599210739135742, -1.2599210739135742, -1.2599209547042847], [1.2599210739135742, 1.2599210739135742, -0.6594720482826233, -1.2599210739135742, 1.2599210739135742, -1.2599210739135742], [1.2599210739135742, 0.6801063418388367, -0.47510242462158203, 1.2599210739135742, -1.2599210739135742, -1.2599210739135742], [1.2599210739135742, -1.2599210739135742, -1.2599210739135742, -1.2599210739135742, -1.2599210739135742, -1.2599210739135742], [1.2599210739135742, 1.2599210739135742, -0.02334871143102646, -1.2599210739135742, -1.2599210739135742, -1.2599210739135742], [-1.2599210739135742, 1.2599210739135742, 1.2599210739135742, 1.2599210739135742, 1.2599210739135742, 1.2599210739135742], [1.0192738771438599, -0.39119580388069153, -1.2599210739135742, -1.2599210739135742, -1.2599210739135742, -1.2599210739135742], [-0.48765328526496887, 1.2599211931228638, -1.2599210739135742, -1.2599210739135742, 1.2599210739135742, 1.2599210739135742], [1.2599210739135742, -1.2599210739135742, 1.2599209547042847, -1.2599210739135742, -1.2599210739135742, -1.2599210739135742], [1.2599211931228638, -1.2599209547042847, -1.2005928754806519, -1.2599210739135742, -1.2599210739135742, -1.2599210739135742], [-1.2599210739135742, 1.2599210739135742, 1.173628807067871, 1.2599210739135742, 1.2599210739135742, 1.2599210739135742], [1.2599210739135742, -0.5008032917976379, -0.8659141063690186, -1.2599210739135742, -1.2599210739135742, -1.2599210739135742], [1.2599210739135742, -0.8817803263664246, -1.158750295639038, -1.2599210739135742, -1.2599210739135742, -1.2599210739135742], [1.2599210739135742, 1.2599210739135742, -0.4460923671722412, -1.2599210739135742, -1.2599210739135742, -1.2599210739135742], [-1.2599210739135742, 1.2599210739135742, 1.2599211931228638, 1.2599210739135742, 1.2599210739135742, 1.2599210739135742]], "sigmanet.nn.2.bias": [0.24990718066692352, -0.5550200343132019, 0.11583774536848068, 0.45932576060295105, -0.035899341106414795, -0.6305660009384155, -1.4822872877120972, 3.129793882369995, 0.5793856978416443, -0.1276521384716034, 0.1566839963197708, -0.12710070610046387, 0.5212224125862122, -0.12932221591472626, -0.1847561001777649, 1.058249592781067, -0.34034910798072815, 0.1062331348657608, -0.061730533838272095, 0.17780321836471558], "sigmanet.nn.2.parametrizations.weight.original": [[-6.891829980304465e-05, -0.00015019444981589913, -0.015968548133969307, 4.634897049982101e-05, -0.0005958576803095639, 0.005106870085000992, -6.380373815773055e-05, -1.1707782505254727e-05, 0.00017948097956832498, 0.8848468065261841, -0.2412041276693344, 0.00024872785434126854, 0.019696775823831558, -0.00036005687434226274, -8.59698629938066e-05, 0.0002082949213217944, 1.0955629477393813e-05, 6.143202335806563e-05, -0.07077853381633759, 0.02022767812013626], [-0.00021170197578612715, -0.004748189356178045, -3.110153920715675e-05, 0.00026199157582595944, -0.0026889084838330746, 0.0001329014776274562, 9.129847603617236e-05, 0.999690592288971, 0.05327742546796799, 0.0003946932847611606, -0.13266323506832123, -0.00027308196877129376, 0.0008413122850470245, 6.294605555012822e-05, -0.0024177436716854572, 0.003998159896582365, 0.00047381705371662974, 0.0006917699938639998, -0.056838832795619965, 0.0001313754910370335], [0.0005342975491657853, 0.03197946399450302, 0.00038085164851509035, -0.0011922786943614483, 0.0019153576577082276, -0.00011887518485309556, 6.486869824584574e-05, -5.2614605010603555e-06, -0.0003054184198845178, -0.358390748500824, 0.5242295265197754, -0.0003735193458851427, -0.00244063138961792, 4.5350998334470205e-06, 0.0011246989015489817, -0.0009982434567064047, -0.00033576457644812763, -0.0007137107313610613, 0.3347703516483307, -4.2639338062144816e-05], [-0.0012366569135338068, -0.06370357424020767, -0.00047017508768476546, 0.12572361528873444, -0.12420383095741272, 0.0001501446677139029, -5.98069573243265e-06, 3.865783219225705e-05, 0.02033449523150921, 0.23798063397407532, -0.21374744176864624, 0.0006923757609911263, 0.007657462265342474, -6.450338696595281e-05, -0.05317104235291481, 0.12451306730508804, 0.009265393018722534, 0.11054891347885132, -0.15428709983825684, 0.012126008979976177], [0.0004366434586700052, 0.0028653161134570837, 0.0001445054222131148, -0.03364141285419464, 0.005620389711111784, -0.00014412609743885696, -6.520239548990503e-05, -4.29474821430631e-05, -0.00014094288053456694, -0.1814001351594925, 0.5679024457931519, -8.64966496010311e-05, -0.0021884553134441376, 2.4468683477607556e-05, 0.002172943903133273, -0.0011616272386163473, -0.05328989401459694, -0.0012719898950308561, 0.40710949897766113, -0.00021152451517991722], [0.06536086648702621, 0.1323489099740982, 0.00042318040505051613, -0.06956840306520462, 0.07568573951721191, -5.651560422847979e-05, -3.1178211656879284e-07, -9.228467388311401e-05, -0.052578724920749664, -0.15311124920845032, 0.20545680820941925, -0.0008146174368448555, -0.011042652651667595, 0.0005793408490717411, 0.07794234156608582, -0.05631200224161148, -0.030610879883170128, -0.07554347068071365, 0.22526372969150543, -0.02712896838784218], [-0.0009967134101316333, -0.0013679531402885914, -0.12140999734401703, 0.0006190938293002546, -0.0007661557174287736, 0.0001253960217582062, 3.656455737655051e-05, 7.699003617744893e-05, 0.03742479160428047, 0.0006892532692290843, -0.4339510202407837, 0.007398009765893221, 8.042021363507956e-05, 4.914074088446796e-05, -0.0004556227650027722, 0.0008903470006771386, 0.00025273513165302575, 0.0022264670114964247, -0.6507803797721863, 0.0003241920203436166], [-0.00036968389758840203, -0.0007219347171485424, -0.00026158642140217125, 0.0008502714335918427, -0.0007945855031721294, 5.717797830584459e-05, 5.8633508160710335e-05, 0.0002981216530315578, 0.00037157442420721054, 0.949343740940094, -0.0004155808419454843, 0.00018992168770637363, 0.21692022681236267, -0.0862245187163353, -0.0006368249887600541, 0.0005808640271425247, 0.00013345009938348085, 0.0005308183026500046, -0.000616038276348263, 0.0005456191138364375], [-0.032322321087121964, -0.04310327023267746, -0.00011450999591033906, 0.17283505201339722, -0.16619423031806946, 6.851866783108562e-05, 8.46880575409159e-05, 4.8505728045711294e-05, 0.02830588072538376, 0.247889906167984, -0.08392518758773804, 0.011567159555852413, 0.009763340465724468, -5.020959633839084e-06, -0.04715065658092499, 0.10159134119749069, 0.0002206785138696432, 0.1661459505558014, -0.11509974300861359, 0.03348514065146446], [0.0006169289699755609, 0.04585835710167885, 0.0008808099664747715, -0.11527056992053986, 0.10285741835832596, -0.0008296314044855535, 8.10341807664372e-05, -0.0003673677856568247, -0.0004355935088824481, -0.3166022300720215, 0.34295588731765747, -0.0006263775867410004, -0.0018161190673708916, 0.0001159607054432854, 0.02481420710682869, -0.08136764913797379, 