{
    "num_node": 32,
    "num_input": 8,
    "mean": [
        5303.416883840787,
        0.06457556688578389,
        0.07907648058045472,
        -0.00018665610912574088,
        -2.2763794936572687e-06,
        0.43445410377118027,
        3.7536007215983984,
        11.566673565250138
    ],
    "std": [
        19.391109754185834,
        6.316502435022983,
        14.910313140195935,
        0.2006565114671653,
        0.002880302801505136,
        0.4691993460079813,
        0.7227608938687488,
        0.6490079692030003
    ],
    "weights1": [
        [
            -0.06428539752960205,
            -1.305167317390442,
            0.09463131427764893,
            -0.7217394113540649,
            0.14209651947021484,
            -0.2629478871822357,
            0.4810125529766083,
            0.08091437816619873
        ],
        [
            -0.1423245370388031,
            0.1096087321639061,
            -0.09093722701072693,
            -3.6053972244262695,
            -0.15031446516513824,
            0.035893943160772324,
            -0.024914687499403954,
            0.024860918521881104
        ],
        [
            -0.950712263584137,
            0.09740530699491501,
            1.7876107692718506,
            -0.10125602036714554,
            2.084181070327759,
            0.02335234172642231,
            0.714964747428894,
            0.06865327805280685
        ],
        [
            0.3406732976436615,
            0.47079378366470337,
            0.06648009270429611,
            -2.1514554023742676,
            0.3670866787433624,
            0.19933608174324036,
            -0.3846029043197632,
            -0.071388378739357
        ],
        [
            -0.8869048357009888,
            -1.199305534362793,
            0.04531461372971535,
            1.3554885387420654,
            -0.015161530114710331,
            -0.03732621297240257,
            -0.22129279375076294,
            -0.11390426009893417
        ],
        [
            0.8183304667472839,
            2.1038177013397217,
            0.21280537545681,
            0.5647912621498108,
            0.2707907557487488,
            -0.32082340121269226,
            0.644071102142334,
            0.07531014829874039
        ],
        [
            -1.0511260032653809,
            -0.0419762022793293,
            -1.9477486610412598,
            0.08512336760759354,
            -2.1675925254821777,
            0.04655134305357933,
            0.6766518354415894,
            -0.05255359038710594
        ],
        [
            -0.5576086640357971,
            -1.2328420877456665,
            -0.13510777056217194,
            -0.3492478132247925,
            -0.2096162736415863,
            0.08342897146940231,
            0.052332572638988495,
            0.09951528161764145
        ],
        [
            0.5234597325325012,
            -0.018410103395581245,
            -0.4228138029575348,
            0.056142330169677734,
            0.511089026927948,
            0.22468216717243195,
            -0.8769988417625427,
            -0.05751366168260574
        ],
        [
            0.4899608790874481,
            -0.019701089709997177,
            1.260411262512207,
            -0.016069773584604263,
            1.6202441453933716,
            -0.0999881699681282,
            0.4550788998603821,
            -0.02155855856835842
        ],
        [
            0.5863807201385498,
            -0.007973624393343925,
            -2.628053903579712,
            0.0292492788285017,
            -0.7495360970497131,
            -0.04476024955511093,
            -0.26928481459617615,
            -0.06931240856647491
        ],
        [
            0.01055655162781477,
            0.09926342964172363,
            1.8540560007095337,
            0.0897221639752388,
            -1.3161486387252808,
            0.09673434495925903,
            -0.05314650386571884,
            0.037139058113098145
        ],
        [
            0.08783873170614243,
            0.05183550715446472,
            -3.3576791286468506,
            -2.1635401248931885,
            -0.9493290185928345,
            -0.019752642139792442,
            -0.005589829292148352,
            -0.032703813165426254
        ],
        [
            -0.20168355107307434,
            0.004716077819466591,
            -1.0615909099578857,
            0.03926638141274452,
            -1.2263972759246826,
            -0.21342457830905914,
            0.38103803992271423,
            0.311541885137558
        ],
        [
            1.0202852487564087,
            -0.20833496749401093,
            -0.05088876932859421,
            2.9247918128967285,
            -0.0715387687087059,
            0.17152388393878937,
            -0.6184521913528442,
            0.08764979243278503
        ],
        [
            -0.4603559970855713,
            0.27258551120758057,
            -0.4062204658985138,
            1.484304428100586,
            -0.6089688539505005,
            0.2642967700958252,
            0.2535836100578308,
            0.014146031811833382
        ],
        [
            0.4532098174095154,
            0.10395905375480652,
            0.7805735468864441,
            1.2332059144973755,
            0.6852090358734131,
            0.10908282548189163,
            -1.2622536420822144,
            0.30337366461753845
        ],
        [
            -0.1242922842502594,
            -0.18600614368915558,
            -0.08146670460700989,
            0.1134331077337265,
            -0.048890531063079834,
            -2.7689898014068604,
            -0.13773247599601746,
            0.05879472196102142
        ],
        [
            -0.19603052735328674,
            1.7248789072036743,
            -0.12156639993190765,
            0.9531450867652893,
            -0.1770760416984558,
            0.2058997005224228,
            -0.01024093572050333,
            -0.017673416063189507
        ],
        [
            -0.005245083011686802,
            -0.197077214717865,
            -0.22317437827587128,
            0.003916559275239706,
            -0.2009505331516266,
            -1.4752055406570435,
            -0.22691749036312103,
            0.135392427444458
        ],
        [
            0.129755899310112,
            -0.16072355210781097,
            -0.41433966159820557,
            0.05259309709072113,
            -0.574683427810669,
            -0.3648300766944885,
            0.8835152983665466,
            -0.14077520370483398
        ],
        [
            1.0156526565551758,
            -0.22391022741794586,
            0.21011455357074738,
            -0.45712339878082275,
            0.37446853518486023,
            -0.6175632476806641,
            -2.1395692825317383,
            0.2531532049179077
        ],
        [
            0.011765476316213608,
            -0.37883323431015015,
            -0.2808898985385895,
            1.97267484664917,
            -0.5105794072151184,
            -0.9552837014198303,
            0.08680401742458344,
            0.17670895159244537
        ],
        [
            -0.28464123606681824,
            0.14730259776115417,
            -0.00425445381551981,
            -0.13631896674633026,
            -1.0290967226028442,
            0.21869823336601257,
            0.1770973652601242,
            -0.14660274982452393
        ],
        [
            0.1866431087255478,
            -0.006205730140209198,
            -0.7168824076652527,
            -0.0007369648083113134,
            -0.69242262840271,
            -0.031073983758687973,
            -0.789069414138794,
            0.19632260501384735
        ],
        [
            -0.10041406750679016,
            0.049116410315036774,
            3.9309933185577393,
            -2.5123753547668457,
            1.1220310926437378,
            0.023685159161686897,
            0.039790939539670944,
            0.015462694689631462
        ],
        [
            -0.7999762892723083,
