{"metadata": {"version": 1, "features": ["Chi2", "NDOF", "LogPt", "Eta", "FitVeloChi2", "nUTHits", "nUTOutliers"]}, "_stack.Linear_0.weight": [[-0.10701129585504532, 0.101555235683918, -0.04263696447014809, -0.9564297795295715, 0.17506113648414612, 1.5027943849563599, -3.3298909664154053], [-0.05335847660899162, -0.3651216924190521, 0.2527249753475189, -0.2914693057537079, -0.02234816923737526, -0.2288912981748581, -0.21857784688472748], [0.05251622572541237, 0.004427396692335606, -0.4416102468967438, -0.29565972089767456, -0.04595299810171127, 1.829344391822815, 1.451263427734375], [-0.17311806976795197, -0.24435825645923615, -0.2730100750923157, 0.06783821433782578, -0.20391759276390076, 0.08611932396888733, 0.0013571131275966763], [0.1521589756011963, -0.7073007822036743, 0.2871946394443512, 0.326544851064682, 0.06269499659538269, 1.0336782932281494, -1.5264166593551636], [0.035227809101343155, 0.05270471051335335, -0.1370610147714615, -0.961661159992218, -0.061668455600738525, 1.6082088947296143, -4.483149528503418], [-0.028701938688755035, 0.21124133467674255, 0.1370178759098053, -1.7177927494049072, -0.09999743103981018, 0.7464402318000793, -0.21627792716026306], [-0.00293090776540339, 0.21366071701049805, 0.19367872178554535, 1.4574459791183472, 0.014448311179876328, -1.4346117973327637, 1.2714500427246094], [-0.4846888482570648, 0.1473875641822815, 0.18144766986370087, 0.4703954756259918, 0.4110981225967407, 0.015069429762661457, -2.350903034210205], [-0.29850879311561584, -0.3548737168312073, 0.16168417036533356, -0.34193235635757446, -0.0011088046012446284, -0.2809414267539978, -0.17934104800224304], [0.18399488925933838, -0.3478788733482361, -0.22074584662914276, -0.19265684485435486, -0.25292807817459106, -0.08432281762361526, -0.14768648147583008], [-0.0436357706785202, -0.01004850398749113, -0.14748071134090424, 0.8386332988739014, 0.03699776530265808, 1.0157382488250732, -2.270491123199463]], "_stack.Linear_0.bias": [-0.04056977853178978, -0.3940466344356537, -2.2125558853149414, -0.27034351229667664, -0.269260048866272, 0.5092563033103943, 1.2531943321228027, -0.12805041670799255, 0.6958750486373901, -0.004570028744637966, -0.2877758741378784, -4.273797512054443], "_stack.Linear_2.weight": [[0.5038337707519531, 0.10907423496246338, 0.3679217994213104, 0.24038046598434448, 0.13434283435344696, 0.6479226350784302, 0.06725253164768219, -0.4761529564857483, -0.3030526340007782, 0.1865779161453247, -0.06583115458488464, 1.659360647201538], [-0.00549360690638423, -0.09673383831977844, 0.2039177268743515, 0.18754112720489502, -0.15969079732894897, 0.18368244171142578, -0.40754497051239014, 0.11313600838184357, 0.4592736065387726, -0.1709498167037964, -0.2616879343986511, 1.3471843004226685], [-0.23253151774406433, 0.18499507009983063, 0.5217664241790771, -0.19566932320594788, -0.4130529463291168, -0.4700455367565155, -0.06925907731056213, -0.2022174596786499, -0.33161282539367676, -0.05239586532115936, 0.11979476362466812, -0.01795475371181965], [-0.399580717086792, 0.1660938560962677, -0.8841047883033752, -0.09577108174562454, 0.13629555702209473, 0.5073132514953613, -0.21182622015476227, 0.18444547057151794, -0.007533008232712746, 0.08324173837900162, -0.24034902453422546, -0.9822240471839905], [0.33696186542510986, 0.1742217242717743, 0.362313449382782, 0.15291328728199005, -0.3441344201564789, -0.0995219349861145, 0.5977495908737183, -0.14889974892139435, 0.41610807180404663, 0.1715058535337448, -0.07576863467693329, 0.6221779584884644], [0.3055630922317505, -0.09999910742044449, -0.013873860239982605, -0.20113436877727509, 0.5108751058578491, -0.18459898233413696, -1.1572222709655762, -0.4049965441226959, 0.1772885024547577, -0.07201451063156128, 0.15445157885551453, -0.6261351108551025], [0.29210996627807617, 0.10365549474954605, 0.5357347130775452, -0.12634670734405518, 0.043415289372205734, 0.35134872794151306, 0.10612132400274277, -0.3529769778251648, -0.20105277001857758, -0.1959785521030426, 0.12849485874176025, 1.037948489189148], [0.2808986306190491, 0.08394557982683182, 0.5958357453346252, 0.15243354439735413, -0.3677372336387634, -0.5042310357093811, 0.08042344450950623, 0.1369919627904892, 0.21100568771362305, 0.10374727100133896, -0.049591053277254105, 1.2081729173660278], [0.6230111718177795, -0.214010089635849, 0.06050829589366913, -0.22890599071979523, -0.19956712424755096, 0.13825206458568573, -0.10686594992876053, -1.089215636253357, 0.0909038633108139, 0.017865899950265884, 0.22457696497440338, -1.7512677907943726], [0.4285118281841278, -0.2780168652534485, -0.40254175662994385, -0.2691444158554077, -0.1527595967054367, 0.24980828166007996, 0.2387319654226303, -0.5975814461708069, 0.32052087783813477, 0.09745341539382935, -0.27131763100624084, -0.8715509176254272], [-0.6074455380439758, -0.08911266177892685, -0.5674600601196289, 0.19911688566207886, -0.03782794252038002, -2.8118321895599365, -0.14207704365253448, 0.36097094416618347, -0.047399427741765976, -0.0598875917494297, -0.027877671644091606, 0.5799803137779236], [-0.954770028591156, 0.197159081697464, -0.1381070911884308, -0.15986022353172302, 0.23785357177257538, 0.07398536056280136, -3.623258352279663, -0.4983571469783783, 0.15996761620044708, -0.20495490729808807, 0.19416366517543793, 0.5946210622787476]], "_stack.Linear_2.bias": [-0.3389410078525543, -1.4146984815597534, -0.7192812561988831, 1.4042168855667114, -0.017262522131204605, 1.2639966011047363, -1.6077392101287842, -0.6152614951133728, 0.4250693917274475, 1.1224920749664307, 0.14457882940769196, 1.3130229711532593], "_stack.Linear_4.weight": [[0.9421113133430481, 0.2915287911891937, -0.8949283957481384, -0.40400946140289307, 0.2130989134311676, -0.5999525189399719, -1.609556794166565, 0.20292878150939941, 0.5473224520683289, 0.44061487913131714, 1.0703684091567993, -1.266070008277893]], "_stack.Linear_4.bias": [-0.6464023590087891],