{"metadata": {"version": 1, "features": ["Chi2", "NDOF", "LogPt", "Eta", "FitVeloChi2", "FitTChi2", "FitTNDOF", "FitMatchChi2", "nUTHits", "nUTOutliers"]}, "_stack.Linear_0.weight": [[-1.2039778232574463, 0.27791163325309753, 1.6834880113601685, 0.48107558488845825, 1.050991415977478, 1.581175446510315, -4.805788040161133, 1.7596827745437622, -1.112727403640747, -0.5063732862472534], [-0.3619118630886078, 0.2334047257900238, 3.7454710006713867, 4.040870189666748, 0.340085506439209, 0.08639171719551086, 2.7210214138031006, -0.25565338134765625, 0.20213140547275543, -3.2611615657806396], [0.24501411616802216, -3.294234275817871, 0.8018500208854675, 5.259221076965332, 0.06283676624298096, -0.1735392063856125, 3.440727949142456, -0.2313576340675354, 2.6934728622436523, -3.470327854156494], [0.19069650769233704, -2.0044963359832764, 2.3588242530822754, -3.3261799812316895, 0.7175162434577942, -0.08958924561738968, 3.1574113368988037, -0.1526501625776291, 0.8585389852523804, -4.189094066619873], [0.03616931661963463, -0.17974835634231567, 5.107166767120361, 0.14425767958164215, -0.05317479744553566, -0.020842619240283966, -1.6988918781280518, 0.02043376863002777, -0.631131649017334, -3.617985963821411], [1.506557583808899, 0.14489902555942535, -1.332434058189392, 6.987114906311035, -1.6402586698532104, -1.4452543258666992, -1.9585613012313843, -1.7397137880325317, 0.1618746519088745, 6.384823322296143], [-0.1473945677280426, 0.3766605257987976, 3.3260931968688965, 3.690553665161133, -0.1555936187505722, 0.2563266158103943, 0.02366410195827484, 0.2732047140598297, -1.6018658876419067, -14.618972778320312], [0.009046447463333607, -0.03122512623667717, 3.236318349838257, 1.4868766069412231, 0.0017297513550147414, 0.006801588460803032, -0.5431909561157227, -0.04010450094938278, -8.536988258361816, 7.307491302490234], [-2.3776192665100098, -0.04477172717452049, 0.4721871018409729, 0.35682767629623413, 2.4009346961975098, 2.373908042907715, 0.07201298326253891, 2.3849520683288574, -4.010308742523193, -3.5679376125335693], [0.36790043115615845, 0.14455953240394592, -4.18319845199585, 2.790823221206665, -0.4018068015575409, -0.6896241307258606, 7.236512660980225, -0.34874314069747925, -1.4899990558624268, 3.0638110637664795], [-0.014437800273299217, -0.25113794207572937, -0.13317787647247314, -0.11327581107616425, -0.08832059800624847, 0.0027599241584539413, 0.26497045159339905, -0.010559141635894775, -0.19525165855884552, 0.016208024695515633], [-0.1163673847913742, 0.5030500888824463, 5.506921291351318, -14.1740140914917, -6.959064194234088e-06, -0.0069259642623364925, -0.16958245635032654, 0.12463680654764175, 0.5658186674118042, 0.24424979090690613], [-0.014548479579389095, -0.24375388026237488, -0.14454512298107147, 0.0378999225795269, -0.29024308919906616, 0.12169292569160461, -0.3105565309524536, -0.32811209559440613, -0.3072660565376282, -0.06415101885795593], [0.1289559155702591, -0.45243245363235474, -0.0029632209334522486, -0.5373615622520447, -0.016854366287589073, -0.10705729573965073, -1.188862919807434, -0.026479555293917656, 0.2969294488430023, 0.8408424258232117], [0.052562255412340164, -0.5528362393379211, 4.982600212097168, 0.12373816221952438, 0.4635408818721771, -0.0641338899731636, 2.2318387031555176, -0.026644514873623848, 0.7672854065895081, -1.9625917673110962]], "_stack.Linear_0.bias": [11.625884056091309, -17.67670440673828, 3.863072156906128, 10.979116439819336, -26.43547248840332, -5.967370986938477, -28.065366744995117, 9.308436393737793, 2.692431926727295, -4.540104866027832, -0.06297337263822556, -6.877707004547119, -0.3390468657016754, 0.6559069752693176, -22.5323486328125], "_stack.Linear_2.weight": [[-0.8520172834396362, -0.6129569411277771, 0.4640481472015381, -0.8531028032302856, -5.540273189544678, -0.4430598020553589, -0.20478926599025726, 0.45928481221199036, -3.657421112060547, 0.5126240253448486, -0.017501289024949074, 0.5251416563987732, -0.06705691665410995, -0.08207563310861588, 0.7219067215919495], [-1.0824440717697144, 1.3732681274414062, 0.20676963031291962, -0.4852532148361206, 1.9191938638687134, -0.4530332386493683, -0.5950787663459778, 0.03124484047293663, 2.1157402992248535, -0.5890548825263977, 0.12650392949581146, -0.10776741057634354, -0.15597359836101532, 0.13788795471191406, -0.3408454358577728], [0.1475561261177063, 0.18849629163742065, -0.6485140323638916, -0.07169076800346375, -1.9365874528884888, -0.03178693726658821, -0.08838891237974167, 2.3348870277404785, -9.891765594482422, 0.24440208077430725, 0.14963547885417938, 0.9150875210762024, 0.04916403442621231, 0.018930723890662193, -0.14194129407405853], [0.004101712256669998, -0.3555509150028229, 0.030304715037345886, -0.16703559458255768, -2.0666754245758057, 0.0709562748670578, -0.056369658559560776, 1.0200374126434326, -2.989428758621216, -0.6528883576393127, -0.18275420367717743, 0.3713710904121399, 0.11684736609458923, 0.03942146897315979, 0.05948599800467491], [-0.49817484617233276, -0.12294256687164307, -0.48869168758392334, 0.7888108491897583, -1.8819801807403564, -0.2852616608142853, 0.773853063583374, 0.8822349309921265, -2.7162981033325195, -0.583946943283081, -0.09521541744470596, 2.509425640106201, -0.24496962130069733, -0.5687572360038757, -1.0480159521102905], [-0.2469344586133957, -0.30005040764808655, 1.1329056024551392, 0.7657362222671509, -0.1397954672574997, 0.27896466851234436, 0.8698505759239197, 0.4664565920829773, -3.7439076900482178, 0.08227086812257767, 0.12992991507053375, 0.3704262375831604, 0.2434607893228531, -0.05750846490263939, -0.992012083530426], [-0.24885296821594238, 0.19429853558540344, 0.7878834009170532, 0.7052547931671143, 1.4537782669067383, -2.54339599609375, -0.16211189329624176, 1.1628111600875854, 1.4819241762161255, -0.7219299674034119, 0.13147982954978943, -1.711211919784546, -0.04215205833315849, 0.08457595854997635, -0.7309476137161255], [-0.44116687774658203, 1.1122174263000488, -0.8339778780937195, -0.273486852645874, 0.6197351217269897, -0.2482345700263977, -0.30761656165122986, -0.14498591423034668, -1.2816174030303955, -0.3277589678764343, 0.24107761681079865, -0.17508813738822937, 0.11255079507827759, -0.06322678178548813, -0.12122149765491486], [-0.17244091629981995, 0.2578470706939697, -0.008640426211059093, 0.005756663624197245, -4.869353294372559, 0.11845771223306656, 1.7972018718719482, 0.013118552044034004, -1.2691197395324707, -0.2408163696527481, -0.127168670296669, 1.0625895261764526, -0.024817954748868942, -0.8731610178947449, 0.679925799369812], [-0.8759214282035828, -0.8005976676940918, 0.22268927097320557, 0.37848374247550964, -0.8383631706237793, -0.18870289623737335, 0.28785011172294617, 1.1269265413284302, -3.9453258514404297, -0.437855064868927, -0.22573813796043396, -1.0383094549179077, -0.15638060867786407, 0.15733866393566132, 0.46629130840301514], [-0.36369234323501587, -0.11453238874673843, 0.04079863056540489, -0.007443623151630163, -0.007337162736803293, -0.1281205266714096, 0.02620731107890606, -0.13584133982658386, -0.1828090101480484, -0.3788732886314392, -0.19451075792312622, -0.012662230059504509, -0.15288300812244415, -0.01879827491939068, 0.01932242326438427], [-0.03676483407616615, -0.2903536856174469, 2.108567476272583, 0.713383674621582, -3.6060588359832764, -0.6197293996810913, -1.521854281425476, 0.9754717350006104, -5.061044216156006, -0.025593331083655357, -0.15246014297008514, 1.0478595495224, -0.09920920431613922, -0.05378081649541855, -1.0046600103378296], [-0.2891087532043457, 0.025207847356796265, -0.5024228096008301, 1.1463347673416138, 12.260743141174316, -0.5169187784194946, -0.40746957063674927, -0.6573547124862671, 0.832659125328064, 0.9659734964370728, -0.06234533712267876, -1.263670802116394, -0.23933283984661102, 0.28873008489608765, -2.2509279251098633], [-0.26430052518844604, -0.2772538363933563, -0.378020703792572, 0.09360907971858978, -0.5501065254211426, -0.311825692653656, -0.48279106616973877, 2.8718512058258057, -10.291240692138672, 