{"metadata": {"version": 1, "features": ["Chi2", "NDOF", "LogPt", "Eta", "FitVeloChi2", "nUTHits", "nUTOutliers"]}, "_stack.Linear_0.weight": [[-0.026363736018538475, -0.9967555999755859, 0.008624771609902382, 1.7210146188735962, 0.06772466748952866, -0.056617312133312225, -0.40489891171455383], [-0.26230257749557495, 0.17828269302845, 1.037721872329712, -0.13760583102703094, 0.20822378993034363, 0.5005314946174622, -2.839749813079834], [-0.100644052028656, 0.5901961326599121, -0.3177323043346405, -0.28392189741134644, -0.08409840613603592, 0.7814202904701233, -1.864786148071289], [-0.031931377947330475, 0.040405433624982834, 0.9714359045028687, 0.21069090068340302, 0.02708812616765499, -2.1550164222717285, 3.0049617290496826], [-0.37582656741142273, -0.3620692491531372, -0.08931363373994827, 0.30873817205429077, 0.037843991070985794, 0.1451556384563446, -0.27705052495002747], [0.0546051524579525, -0.18867622315883636, -0.006226992234587669, 2.4355697631835938, 0.01720396615564823, -0.3097831606864929, -0.42495638132095337], [-0.002495858119800687, -0.011084219440817833, 0.06579719483852386, 0.7770283222198486, -0.002489109057933092, -2.037039279937744, 1.828407645225525], [0.00804391410201788, -0.34684494137763977, -0.003773964010179043, -0.038097210228443146, -0.03395495191216469, -0.0755566880106926, 0.29797860980033875], [0.15999290347099304, -0.2775481939315796, 0.8248038291931152, -1.1633967161178589, -0.0396590381860733, -0.2869879901409149, -1.0658918619155884], [-0.1763228327035904, -0.3645481467247009, -0.14632369577884674, 0.12623995542526245, -0.34984448552131653, -0.36717942357063293, 0.04795331135392189], [-0.27228716015815735, -0.33112722635269165, -0.14562450349330902, -0.060852598398923874, -0.34345829486846924, -0.25237736105918884, 0.024782318621873856], [-0.35640978813171387, -0.05312458053231239, -0.2440526783466339, -0.2620190680027008, 0.14855174720287323, -0.2909153401851654, -0.2864344120025635]], "_stack.Linear_0.bias": [1.3254456520080566, -2.627326726913452, -0.34891992807388306, 0.7534812688827515, -0.18256253004074097, -2.5583808422088623, 3.290351390838623, 0.28825244307518005, 2.960930347442627, -0.02691134624183178, 0.16719339787960052, -0.2081386148929596], "_stack.Linear_2.weight": [[0.12646597623825073, -0.18977577984333038, -0.17243871092796326, 1.156727910041809, -0.22348839044570923, -0.0077811349183321, -0.5147386789321899, 0.1774788349866867, -0.8576164841651917, -0.24265071749687195, 0.004254173953086138, 0.22747266292572021], [-1.0622140169143677, -0.007824165746569633, -0.1266210973262787, -0.2130637913942337, 0.11959365755319595, -1.3464769124984741, 5.81658935546875, -0.14659851789474487, 0.3439578115940094, 0.11981169879436493, -0.21063920855522156, 0.0465422198176384], [-0.0033178715966641903, -0.11860790103673935, -0.16485561430454254, -0.09579355269670486, 0.22754138708114624, -0.20693743228912354, -0.20563580095767975, -0.08906179666519165, 0.005021887831389904, 0.0785808116197586, 0.008662586100399494, -0.06949150562286377], [-0.770768404006958, 0.10895727574825287, -0.20900075137615204, 0.9242137670516968, -0.2809991240501404, -0.2982094883918762, 0.7830536961555481, -0.05275733768939972, -0.035401277244091034, 0.2530350685119629, -0.2513076663017273, -0.012507385574281216], [-0.009022247977554798, 0.8806272745132446, -0.3522973954677582, 0.1731482893228531, -0.19395872950553894, -0.03195546567440033, 2.033191442489624, 0.14947198331356049, -0.4900834560394287, 0.122714102268219, 0.2596419155597687, 0.26842615008354187], [-0.26271313428878784, -0.19095291197299957, -0.11935758590698242, -0.18408842384815216, 0.2769837975502014, -0.02549544908106327, -0.19148992002010345, -0.12845738232135773, -0.15945391356945038, 0.11777638643980026, -0.25179722905158997, -0.269161581993103], [0.04744454473257065, 0.264468252658844, 0.21154192090034485, -0.9459714293479919, 0.07158524543046951, 0.568901002407074, 0.08575230836868286, -0.06107834354043007, -0.028951268643140793, -0.030953966081142426, 0.1453476846218109, -0.1960136890411377], [-0.054963644593954086, 0.35942578315734863, -0.2538530230522156, 0.2022479772567749, 0.2835323214530945, 0.07236434519290924, -0.7404932975769043, 0.14386284351348877, 0.21407456696033478, 0.11415888369083405, 0.06734927743673325, 0.18196052312850952], [-2.118454933166504, -0.04402556270360947, 0.2533849775791168, 0.4642368257045746, -0.2686890661716461, 0.9052546620368958, 1.2956559658050537, -0.2068134844303131, -0.4034464359283447, 0.23888978362083435, -0.05746104568243027, 0.16580089926719666], [2.120959520339966, 0.2443562150001526, -0.5689731240272522, 0.3413846790790558, 0.11011067032814026, 0.11096061021089554, -0.9321852326393127, 0.17753982543945312, 0.5691423416137695, -0.26857316493988037, 0.030203010886907578, 0.24643419682979584], [-0.6946110129356384, -0.12826494872570038, 0.05218588188290596, 0.8448217511177063, 0.2870227098464966, 0.7596251964569092, 0.4413970112800598, -0.03598242625594139, -0.39329299330711365, -0.2690200209617615, -0.15577757358551025, -0.06174216419458389], [-0.8669822216033936, 0.6684670448303223, 0.3635242283344269, 0.6214084029197693, 0.1963595300912857, -0.14612558484077454, 0.7407621741294861, 0.04215366765856743, 0.2554815113544464, 0.14844617247581482, -0.11486579477787018, -0.08704548329114914]], "_stack.Linear_2.bias": [-0.0776616781949997, 1.9206799268722534, -0.2005256861448288, -1.5427792072296143, -0.9339149594306946, -0.09051897376775742, -2.1758370399475098, -2.3696396350860596, 0.5717343688011169, 0.03081738017499447, -1.972243309020996, -0.4537925124168396], "_stack.Linear_4.weight": [[-0.540849506855011, 0.8694750070571899, 0.006233010441064835, -0.4475434124469757, 0.43806999921798706, 0.19549208879470825, 0.7558607459068298, -0.7329327464103699, -0.5511869788169861, -0.36283615231513977, 0.7958583831787109, 0.3807787597179413]], "_stack.Linear_4.bias": [-1.2079973220825195],