{"metadata": {"version": 1, "features": ["Chi2", "nVPHits", "Eta"]}, "_stack.Linear_0.weight": [[0.6086947917938232, -1.5501621961593628, 0.17634594440460205], [-0.2630741596221924, -0.06691712141036987, -0.16671185195446014], [-0.5421798229217529, -0.09534398466348648, -0.48929062485694885], [0.022908037528395653, 1.41733717918396, 0.7648496627807617], [-1.046068787574768, 1.059793472290039, -0.2013336718082428], [0.4488672912120819, 2.0903453826904297, -1.9930639266967773], [-0.4912688732147217, -0.5203590393066406, -0.2780286371707916], [-66.70488739013672, -0.21078883111476898, 0.4151611328125]], "_stack.Linear_0.bias": [4.40714693069458, 0.008370215073227882, -0.35782748460769653, -4.597700119018555, 1.2786033153533936, -1.408742904663086, -0.3153853416442871, 0.541564404964447], "_stack.Linear_2.weight": [[-0.6731963157653809, 0.23378148674964905, 0.1475614309310913, 0.38878288865089417, 0.45804768800735474, 0.6844747066497803, 0.21205124258995056, 0.2068624496459961], [-1.2049713134765625, 0.32152119278907776, -0.007645775564014912, 0.48195818066596985, -1.906326174736023, 0.2301945835351944, -0.13317249715328217, 3.3419272899627686], [-0.12438400834798813, -0.13086634874343872, 0.19373317062854767, -0.24167898297309875, 0.08587759733200073, -0.09318230301141739, -0.05462939664721489, -0.29539865255355835], [-7.518894672393799, -0.10313940793275833, -0.32740160822868347, -0.01553124375641346, -0.38507580757141113, -0.5355157256126404, -0.1736713945865631, 1.1931183338165283], [0.6456443071365356, -0.08710746467113495, -0.13969101011753082, 0.7669008374214172, -0.25635969638824463, -1.0685327053070068, -0.07638846337795258, -1.3919328451156616], [0.8783382177352905, 0.30183175206184387, -0.05222386494278908, 1.5506211519241333, -0.5891320705413818, -1.209360122680664, -0.20622827112674713, 0.039337463676929474], [-0.5428532361984253, 0.15638992190361023, -0.012579485774040222, 1.3370656967163086, -2.013556957244873, 0.474808931350708, 0.3184369206428528, -3.0193285942077637], [1.8353043794631958, 0.005828108172863722, -0.2647566497325897, -1.7352299690246582, -4.308581829071045, -1.4898533821105957, 0.08503349870443344, 0.5592494606971741]], "_stack.Linear_2.bias": [2.6925792694091797, 2.0581777095794678, -0.04316484555602074, 2.41129732131958, 4.375406742095947, -2.345094919204712, -8.457878112792969, 1.6832109689712524], "_stack.Linear_4.weight": [[0.38156935572624207, 0.18556655943393707, -0.2403540462255478, 0.49165070056915283, -0.7646830081939697, 1.0306551456451416, -0.25972679257392883, -0.4840892553329468]], "_stack.Linear_4.bias": [1.6784262657165527], "PiecewiseLinearTransform_6.quantiles": [0.0, 0.009273085939792128, 0.01826924674521247, 0.026995508145143853, 0.03545882519670808, 0.043666082285265924, 0.051624093124417125, 0.05933960075600039, 0.0668192775500934, 0.07406972520501279, 0.08109747474731419, 0.08790898653179219, 0.09451065024148034, 0.10090878488765116, 0.10710963880981615, 0.11311938967572578, 0.11894414448136949, 0.12458993955097566, 0.1300627405370117, 0.13536844242018392, 0.14051286950943764, 0.14550177544195717, 0.15034084318316573, 0.15503568502672554, 0.15959184259453782, 0.1640147868367427, 0.16830991803171932, 0.17248256578608578, 0.17653798903469914, 0.18048137604065545, 0.1843178443952897, 0.1880524410181759, 0.19169014215712696, 0.19523585338819482, 0.19869440961567036, 0.20207057507208342, 0.20536904331820285, 0.20859443724303642, 0.2117513090638309, 0.21484414032607205, 0.2178773419034845, 0.22085525399803202, 0.22378214613991718, 0.22666221718758162, 0.2294995953277059, 0.23229833807520958, 0.2350624322732512, 0.2377957940932282, 0.2405022690347771, 0.24318563192577328, 0.24584958692233116, 0.24849776750880412, 0.2511337364977845, 0.2537609860301035, 0.2563829375748315, 0.25900294192927775, 0.26162427921899045, 0.26425015889775677, 0.26688371974760283, 0.2695280298787938, 0.2721860867298338, 0.27486081706746585, 0.2775550769866719, 0.2802716519106731, 0.28301325659092935, 0.2857825351071396, 0.2885820608672417, 0.2914143366074126, 0.29428179439206814, 0.29718679561386313, 0.30013163099369133, 0.30311852058068556, 0.3061496137522175, 0.30922698921389785, 0.31235265499957626, 0.31552854847134143, 0.3187565363195209, 0.32203841456268123, 0.325375908547628, 0.3287706729494057, 0.33222429177129786, 0.3357382783448269, 0.3393140753297542, 0.3429530547140803, 0.3466565178140444, 0.35042569527412487, 0.354261747067039, 0.3581657624937431, 0.3621387601834324, 0.36618168809354107, 0.3702954235097423, 0.3744807730459483, 0.3787384726443101, 0.38306918757521785, 0.38747351243730055, 0.39195197115742625, 0.39650501699070195, 0.4011330325204736, 0.40583632965832617, 0.4106151496440835, 0.4154696630458085, 0.42039996975980304, 0.4254060990106079, 0.43048800935100284, 0.43564558866200664, 0.440878654152877, 0.4461869523611106, 0.45157015915244314, 0.45702787972084924, 0.4625596485885424, 0.46816492960597533, 0.4738431159518395, 0.4795935301330654, 0.4854154239848225, 0.49130797867051934, 0.4972703046818032, 0.5033014418385606, 0.5094003592889168, 0.5155659555092361, 0.5217970583041219, 0.5280924248064164, 0.5344507414772008, 0.5408706241057953, 0.5473506178097591, 0.5538891970348904, 0.5604847655552262, 0.5671356564730426, 0.5738401322188548, 0.5805963845514166, 0.5874025345577212, 0.5942566326530003, 0.6011566585807251, 0.6081005214126053, 0.6150860595485899, 0.6221110407168665, 0.6291731619738622, 0.6362700497042426, 0.6433992596209125, 0.6505582767650155, 0.6577445155059345, 0.664955319541291, 0.6721879618969456, 0.679439644926998, 0.6867075003137867, 0.6939885890678892, 0.701279901528122, 0.7085783573615407, 0.7158808055634397, 0.7231840244573523, 0.7304847216950509, 0.7377795342565469, 0.7450650284500905, 0.7523376999121711, 0.759593973607517, 0.7668302038290953, 0.7740426741981122, 0.781227597664013, 0.7883811165044816, 0.7954993023254414, 0.8025781560610543, 0.8096136079737214, 0.8166015176540826, 0.823537674021017, 0.8304177953216424, 0.8372375291313159, 0.8439924523536333, 0.8506780712204295, 0.8572898212917782, 0.8638230674559924, 0.8702731039296238, 0.876635154257463, 0.8829043713125398, 0.8890758372961229, 0.89514456373772, 0.9011054914950776, 0.9069534907541813, 0.9126833610292557, 0.9182898311627643, 0.9237675593254097, 0.9291111330161331, 0.9343150690621151, 0.9393738136187753, 0.9442817421697717, 0.9490331595270018, 0.953622299830602, 0.9580433265489474, 0.9622903324786524, 0.96635733974457, 0.9702382997997927, 0.9739270934256514, 0.9774175307317164, 0.9807033511557968, 0.9837782234639405, 0.9866357457504347, 0.9892694454378053, 0.9916727792768172, 0.9938391333464744, 0.9957618230540201, 0.9974340931349358, 0.9988491176529425, 1.0]}