{
    "metadata": {
        "version": 1,
        "features": [
            "ut_x",
            "ut_y",
            "ut_tx",
            "ut_ty",
            "ut_chi2",
            "ut_nhits",
            "ft_chi2",
            "ft_nhits",
            "eta",
            "dtx",
            "dy"
        ]
    },
    "StandardScaler_0.mean": [
        2.463182114977031,
        1.20682661858691,
        0.0015197068356085002,
        0.00036917761102650093,
        7.64692143041929,
        4.150889,
        0.7511169720300934,
        11.387444,
        4.089223975742787,
        -0.0072080726914951045,
        -0.071105217993743
    ],
    "StandardScaler_0.standard_deviation": [
        106.01654977927332,
        92.23547087484178,
        0.04606715897847947,
        0.036759355645445066,
        5.528640348088673,
        0.4442741379824417,
        0.5907958026601391,
        0.7740924666100337,
        0.6759942926305735,
        0.5338025535394887,
        36.83625660889549
    ],
    "Linear_1.weights": [
        [
            0.055947236716747284,
            4.664221286773682,
            0.024482443928718567,
            -4.336581230163574,
            -0.01008912269026041,
            -0.008948265574872494,
            0.026566563174128532,
            -0.008224288932979107,
            -0.0003296579816378653,
            -0.9802097678184509,
            1.5639415979385376
        ],
        [
            -0.8504254817962646,
            -2.9377658367156982,
            0.948452889919281,
            3.0373125076293945,
            -0.009624452330172062,
            -0.0021273314487189054,
            -0.008143560960888863,
            0.005791523493826389,
            -0.026959413662552834,
            -0.19167661666870117,
            0.2752011716365814
        ],
        [
            0.04522679001092911,
            -2.478937864303589,
            -0.07022776454687119,
            2.341158628463745,
            0.009645923972129822,
            -0.0004758855502586812,
            -0.08179417252540588,
            0.037020985037088394,
            -0.09498365968465805,
            0.009435990825295448,
            -0.8608349561691284
        ],
        [
            2.3438467979431152,
            -2.7245521545410156,
            -2.751128673553467,
            2.5419833660125732,
            -0.14731846749782562,
            0.011871117167174816,
            -0.05030905082821846,
            -0.020811738446354866,
            0.01843762770295143,
            -0.9139879941940308,
            2.2542366981506348
        ],
        [
            0.4384651482105255,
            -3.049494981765747,
            -0.4560641646385193,
            1.7999860048294067,
            -0.41276678442955017,
            -0.05771433189511299,
            -0.16924133896827698,
            0.08006716519594193,
            -0.13643723726272583,
            0.9461249709129333,
            -1.0427899360656738
        ],
        [
            0.016318146139383316,
            -1.6791709661483765,
            -0.014152826741337776,
            2.090745449066162,
            0.020356817170977592,
            -0.09697213768959045,
            0.0022680156398564577,
            0.03575282171368599,
            0.14379319548606873,
            -0.0062568457797169685,
            -0.3156145215034485
        ],
        [
            -4.043461799621582,
            0.37315917015075684,
            4.36515474319458,
            -0.3928394317626953,
            -0.0006228072452358902,
            -0.0025037978775799274,
            -0.011839262209832668,
            0.013245115987956524,
            -0.04254065454006195,
            -0.9347676038742065,
            0.024152642115950584
        ],
        [
            -3.33162522315979,
            -1.6474878787994385,
            3.684701919555664,
            1.644439458847046,
            -0.02932405285537243,
            -0.00033863564021885395,
            0.02673589624464512,
            0.0014836066402494907,
            -0.014826016500592232,
            -0.6185888051986694,
            1.073109745979309
        ],
        [
            -0.3564331829547882,
            -0.041571177542209625,
            0.5966904163360596,
            0.019234655424952507,
            0.06674295663833618,
            -0.0028797872364521027,
            0.32122617959976196,
            -0.5744107365608215,
            -0.2589758634567261,
            1.7241194248199463,
            0.025159919634461403
        ],
        [
            -0.06099051982164383,
            -0.638961136341095,
            0.02742478996515274,
            0.5390117168426514,
            -1.7426598072052002,
            -0.14800238609313965,
            -0.0894191712141037,
            0.00040410677320323884,
            -0.036943383514881134,
            0.031138842925429344,
            -1.5744061470031738
        ],
        [
            -0.2922123670578003,
            -0.71135413646698,
            0.13382676243782043,
            -1.9530315399169922,
            0.12850937247276306,
            0.038487862795591354,
            0.10426956415176392,
            -0.04379113391041756,
            0.24527405202388763,
            0.05194797366857529,
            0.6131446957588196
        ],
        [
            -0.33343130350112915,
            -0.29891863465309143,
            -0.09637951850891113,
            0.14304040372371674,
            1.5484356880187988,
            0.26311856508255005,
            -0.151087686419487,
            0.03837025165557861,
            -0.4437176287174225,
            0.05365990102291107,
            -2.0421929359436035
        ],
        [
            -1.5522122383117676,
            -3.3552591800689697,
            1.6828335523605347,
            3.364912986755371,
            -0.6970111131668091,
            -0.07724498957395554,
            0.09698925167322159,
            -0.022143635898828506,
            -0.07660774141550064,
            -0.6487252712249756,
            0.14991150796413422
        ],
        [
            -2.26885724067688,
            0.1116332933306694,
            1.2860838174819946,
            0.00510981073603034,
            -0.02809881791472435,
            0.08363639563322067,
            0.10669028759002686,
            -0.06481967866420746,
            -1.0471432209014893,
            0.06092553585767746,
            -0.12001080065965652
        ],
        [
            2.750669479370117,
            0.8951191306114197,
            -1.3620777130126953,
            -0.9241222143173218,
            0.025684505701065063,
            0.02978777140378952,
            0.009016924537718296,
            -0.06508161127567291,
            -1.2862846851348877,
            -0.1986839771270752,
            0.3130315840244293
        ],
        [
            0.2844131886959076,
            -0.6560959219932556,
            -0.571523129940033,
            0.6220788359642029,
            0.01636376604437828,
            -0.029179424047470093,
            0.3128376603126526,
            -0.5160471796989441,
            -0.2868117392063141,
            -1.6400387287139893,
            0.04182173311710358
        ],
        [
            0.6187772750854492,
            -3.40435791015625,
            -0.6929721832275391,
            3.3976659774780273,
            0.07526305317878723,
            -0.0016856810543686152,
            0.0011426564306020737,
            -0.027829609811306,
            -0.010679617524147034,
            1.6574214696884155,
            1.9421085119247437
        ],
        [
            -3.390568494796753,
            -0.7512859106063843,
            2.5709304809570312,
            0.5857899188995361,
            -0.016391579061746597,
            -0.036979351192712784,
            0.0650196224451065,
            0.00036800242378376424,
            0.2226022481918335,
            -0.4564740061759949,
            0.07699263840913773
        ],
        [
