{"metadata": {"version": 1, "features": ["Chi2", "NDOF", "LogPt", "Eta", "FitVeloChi2", "FitTChi2", "FitTNDOF", "FitMatchChi2", "nUTHits", "nUTOutliers"]}, "_stack.Linear_0.weight": [[-0.9440118074417114, -0.10358140617609024, 3.041207790374756, -1.5029608011245728, 1.0259848833084106, 1.2684987783432007, -5.302534580230713, 1.6084901094436646, -0.2511107921600342, -1.432275652885437], [-0.31702014803886414, 0.09198155999183655, 4.224132537841797, 2.307419776916504, 0.317966103553772, 0.14773355424404144, 1.7626330852508545, 0.02180921658873558, 2.937276840209961, -5.005360126495361], [0.13172626495361328, -0.06512442231178284, 2.122446060180664, 3.9505178928375244, -0.11615701764822006, -0.09570346772670746, -0.2549181282520294, -0.10707169026136398, -1.7392065525054932, 13.148933410644531], [0.9044517874717712, -1.655798077583313, 1.1836185455322266, -3.0715603828430176, -0.29781636595726013, -0.984050989151001, 4.7004075050354, -1.252747654914856, 0.004714949056506157, -5.1655592918396], [0.5625848174095154, -0.351744145154953, 4.505762577056885, -2.517544984817505, -0.3800395429134369, -0.4749694764614105, -5.24755334854126, -0.5227940082550049, -0.5910801291465759, -1.1471374034881592], [-0.003100284840911627, -0.04843391478061676, -5.859228134155273, -2.3322603702545166, 0.05639784783124924, -0.01903090998530388, -0.024569235742092133, -0.008539996109902859, 15.182379722595215, -15.903485298156738], [-2.106379985809326, -0.4253598749637604, -1.508617639541626, 8.104703903198242, 2.227385997772217, 2.2371387481689453, -0.009672016836702824, 2.0815696716308594, -17.551340103149414, -1.741948127746582], [-0.2925320565700531, -0.03925798833370209, 6.379128456115723, -7.045205593109131, 0.08661045134067535, 0.29483655095100403, 0.8389870524406433, 0.3816341757774353, -2.534881114959717, 2.6611597537994385], [0.37623968720436096, -3.8881380558013916, 0.2301485240459442, 5.229466915130615, 0.05458812043070793, -0.291818767786026, 4.675239562988281, -0.2312459498643875, 1.9046460390090942, -2.821385145187378], [0.3307397961616516, 0.9624126553535461, -1.466741919517517, 6.80038595199585, -1.1512795686721802, -0.12827955186367035, -1.2723172903060913, -0.08034444600343704, -1.6017093658447266, 3.16593074798584], [-0.014438362792134285, -0.2511398196220398, -0.1331818699836731, -0.11328815668821335, -0.08835502713918686, 0.0027592198457568884, 0.2649666965007782, -0.01056216936558485, -0.19525165855884552, 0.016208024695515633], [0.8444077968597412, 0.1943855583667755, -2.613530158996582, 0.583894670009613, -0.8674720525741577, -1.7029831409454346, 6.184745788574219, -0.8054816722869873, -3.506304979324341, 6.454818248748779], [-0.021112941205501556, -0.2200745940208435, -0.14284616708755493, 0.03561064228415489, -0.188736692070961, 0.06175863742828369, -0.31518882513046265, -0.3073887825012207, -0.3451969623565674, -0.08962918072938919], [0.08555108308792114, -0.4089275300502777, -0.12599100172519684, -0.2768344283103943, 0.05342782288789749, -0.04928215593099594, -1.4276149272918701, -0.05663192644715309, -0.1633964627981186, 1.0363355875015259], [0.3302996754646301, -0.5636065602302551, 5.0075883865356445, 0.09873943030834198, 0.04394250363111496, -0.13072718679904938, 1.299154281616211, 0.09618952125310898, -1.0363812446594238, -0.12801209092140198]], "_stack.Linear_0.bias": [14.453083992004395, -22.254703521728516, -21.449310302734375, 11.925873756408691, 16.074888229370117, -3.9092376232147217, 1.9448691606521606, -9.592401504516602, 11.203770637512207, -16.04701805114746, -0.0629987046122551, -2.801157236099243, -0.3250678479671478, 0.5859866738319397, -21.770933151245117], "_stack.Linear_2.weight": [[-0.26883476972579956, 0.15881888568401337, -0.3056311011314392, -0.5123897194862366, -0.2785543203353882, -0.05006611719727516, -1.9921181201934814, 1.046173334121704, -0.1934403032064438, -0.295306533575058, -0.01759718358516693, 0.2508898675441742, 0.033803217113018036, -0.09552109241485596, 0.6647854447364807], [-0.31377485394477844, 0.9695574045181274, 0.01042731013149023, -0.5699065327644348, -0.10479380935430527, -0.20169749855995178, 0.5620512962341309, -0.3693859279155731, -0.34492889046669006, -0.2876057028770447, 0.12646512687206268, -0.28487685322761536, -0.19940878450870514, -0.2723597586154938, -0.2612253725528717], [-0.5169898867607117, 1.0103323459625244, 1.0846412181854248, -0.11459618806838989, -0.2057482749223709, -0.23821930587291718, 0.5312768816947937, 0.4243723154067993, -1.1281921863555908, -0.7641692757606506, 0.12324614822864532, -0.40212732553482056, -0.10090627521276474, -0.1109917163848877, -0.8665927648544312], [-0.08395763486623764, -0.2977505922317505, -0.003304071258753538, 0.14242246747016907, 0.12119120359420776, 0.13229261338710785, -0.24254149198532104, -0.22381971776485443, 1.4972466230392456, -1.5117772817611694, -0.1828572154045105, 0.0861426442861557, 0.16272063553333282, 0.07164689898490906, 0.6583400964736938], [-1.1325188875198364, 0.10195876657962799, -15.145136833190918, -0.678882896900177, 0.8604468703269958, -0.020959530025720596, -5.221817493438721, 2.4262454509735107, 0.35979968309402466, -0.6927953362464905, -0.09521541744470596, -0.6791228652000427, -0.2799357771873474, -1.5532463788986206, 0.3441644012928009], [-0.19393309950828552, -0.12816673517227173, -0.061638083308935165, -0.05439140275120735, -0.05766814947128296, 0.03589611127972603, 0.012341123074293137, -0.3336406648159027, -0.20718282461166382, -0.199499249458313, 0.12992991507053375, -0.25781959295272827, 0.2434607893228531, -0.05750846490263939, -0.19167302548885345], [-0.29690688848495483, -0.20336474478244781, -0.6206010580062866, -0.20879128575325012, 0.7781842947006226, -3.9008748531341553, 0.2887944281101227, 0.4765070080757141, 0.12593881785869598, -0.07579457759857178, 0.13165421783924103, -0.5031819343566895, -0.06635984033346176, -0.03604913502931595, 0.2139701396226883], [-0.5263679027557373, 0.06360151618719101, -2.023327350616455, -0.02125048078596592, 1.522998571395874, -0.14133872091770172, 0.8975620269775391, -0.19566406309604645, 0.02571961097419262, -0.4196968674659729, 0.24107761681079865, 0.11076600104570389, 0.11265122890472412, -0.29197052121162415, -2.0219948291778564], [-0.5038086175918579, 1.06236732006073, -0.5374505519866943, 0.556313693523407, 0.30680617690086365, -0.1603294163942337, 0.5756208896636963, 0.03354909271001816, -0.4345807433128357, -0.27252647280693054, -0.127168670296669, -0.1703082174062729, -0.03143208473920822, -0.10929612815380096, -0.5517527461051941], [0.3073248267173767, -0.5525323152542114, -0.3480563461780548, -0.42846885323524475, 0.29598844051361084, -0.1818741261959076, 0.33776721358299255, -0.36428186297416687, -0.5752571225166321, 1.0619356632232666, -0.2257811725139618, 0.3450395166873932, -0.10752002894878387, 0.21896511316299438, -1.2863651514053345], [-0.2754363715648651, -0.13002388179302216, 0.01520070806145668, -0.01818511076271534, 0.02480652742087841, -0.026989085599780083, -0.002778390422463417, -0.14774811267852783, -0.16567747294902802, -0.3453654944896698, -0.19451075792312622, 0.03804798424243927, -0.15288300812244415, -0.00791795551776886, -0.0409645214676857], [0.04730748012661934, -0.3505154252052307, 0.33954399824142456, -0.5215622782707214, 1.0223134756088257, 0.08540467917919159, -0.13974705338478088, 1.4875270128250122, 0.9107255935668945, 0.06395578384399414, -0.152310311794281, -0.3702447712421417, -0.0489337295293808, 0.09649259597063065, -0.08715584874153137], [-0.3733062744140625, -0.37380287051200867, -2.4822778701782227, 0.13976836204528809, -0.10946585237979889, -0.5495331287384033, 0.26195475459098816, -0.19924741983413696, -0.03686131536960602, 0.11684121191501617, -0.05969180539250374, -0.07008838653564453, 0.07926998287439346, 0.10935425013303757, 0.1958654522895813], [-0.012254520319402218, 0.8811758160591125, 0.06926426291465759, -0.32087698578834534, 0.2908483147621155, -0.19411155581474304, 0.18995966017246246, 0.4855404198169708, 