{"metadata": {"version": 1, "features": ["Chi2", "NDOF", "LogPt", "Eta", "FitTChi2", "FitTNDOF", "nUTHits", "nUTOutliers"]}, "_stack.Linear_0.weight": [[0.032533541321754456, -0.4279751479625702, 0.8033669590950012, 1.0650849342346191, -0.0203903466463089, -0.538930356502533, 0.09387706965208054, 2.3722622394561768], [0.3534335196018219, -0.45669326186180115, -0.2198740690946579, 0.014025446958839893, -0.5780817270278931, -0.7570996284484863, 0.7458055019378662, 0.5482254028320312], [0.11184146255254745, -0.21261173486709595, 0.828875720500946, -0.2987316846847534, 0.03845065087080002, 0.10471238940954208, 0.4020998775959015, -3.601548671722412], [-0.07397916167974472, 0.11269845813512802, -0.1017819419503212, -0.3462792932987213, -0.18466998636722565, 0.009051371365785599, 0.051441989839076996, -0.24184994399547577], [0.2695836126804352, 0.40318456292152405, -0.5721076130867004, -0.5171593427658081, -0.3456207811832428, -0.138471782207489, -0.011347301304340363, 1.0329060554504395], [-0.1284809708595276, 0.16764330863952637, -1.1376367807388306, 0.2672543525695801, 0.2055930644273758, -0.11196944862604141, 0.8149397969245911, 4.3807878494262695], [-0.4576491713523865, 0.6090854406356812, 0.8153509497642517, -0.5041341781616211, 0.39447298645973206, 0.18901509046554565, 0.24696554243564606, -2.4605002403259277], [-0.06621801108121872, -0.07867433875799179, -0.04598785936832428, -0.029829347506165504, 0.047697797417640686, -0.10882885009050369, -0.05801483988761902, -0.2880772054195404], [0.17893919348716736, -0.16779102385044098, -0.6295819282531738, 1.370439887046814, -0.2431628555059433, 0.5765444040298462, -0.5687038898468018, 2.656033515930176], [0.1678035408258438, 0.033077970147132874, -1.3197729587554932, 1.1129963397979736, -0.19978898763656616, 0.30182740092277527, -0.24381443858146667, 0.02555723302066326], [-0.15688344836235046, -0.20802359282970428, 0.5676528215408325, 0.3546949028968811, 0.11208409070968628, -0.46497607231140137, 0.847396969795227, -1.7667526006698608], [-0.343416690826416, -0.12244632840156555, -0.14202775061130524, 0.04316996410489082, 0.2177431285381317, -0.2366970330476761, -0.13768208026885986, 0.05229319632053375], [-0.10340993106365204, -0.19708304107189178, -0.20772217214107513, 0.2171628624200821, 0.15697193145751953, -0.09131898730993271, -0.3195232152938843, -0.23157697916030884]], "_stack.Linear_0.bias": [-1.4579640626907349, 1.4072177410125732, -2.479564905166626, -0.05715293437242508, 1.981471300125122, 1.8625669479370117, -0.7700846195220947, -0.351955384016037, 0.22155344486236572, 1.2353140115737915, -0.2867329716682434, 0.04885801672935486, 0.2852301001548767], "_stack.Linear_2.weight": [[-0.41653141379356384, 0.650874137878418, 0.3885556757450104, 0.11545480787754059, 0.05143928900361061, -1.1476612091064453, 0.4863949418067932, -0.02773868665099144, 0.010194523259997368, -0.6594622731208801, 0.16520047187805176, 0.07500159740447998, 0.09583493322134018], [-0.40559446811676025, -0.01768859289586544, 0.4493146538734436, -0.16162285208702087, 0.5199321508407593, -0.8322572708129883, 0.40555667877197266, -0.19675323367118835, 0.10229366272687912, -1.0962399244308472, -0.0320449024438858, -0.010585885494947433, -0.05735991895198822], [-0.02902189828455448, 0.5673945546150208, -0.6092473864555359, -0.12379778176546097, -0.7232336401939392, -0.5433534979820251, 0.3187183439731598, 0.09786254167556763, -1.0713310241699219, 1.16473388671875, 0.04258669167757034, 0.007536743301898241, -0.020554324612021446], [-0.10449007898569107, 1.097066044807434, -0.07711469382047653, -0.07623304426670074, -0.9104973673820496, -0.9087638854980469, 0.3658069372177124, 0.09218068420886993, -0.2593892812728882, -0.4035211503505707, 0.1862500011920929, 0.16913175582885742, 0.2456468939781189], [0.1744496077299118, 0.610164999961853, 0.3667457401752472, -0.008113877847790718, 0.5577509999275208, -0.5025011301040649, -0.17441537976264954, -0.027617940679192543, 0.5435776114463806, -0.1090969666838646, 0.25508472323417664, -0.08728978037834167, -0.2328670173883438], [-0.012984257191419601, -0.6268050074577332, -0.5622140169143677, -0.09894811362028122, 0.03061983361840248, 0.3512457013130188, 0.5911461114883423, -0.16003455221652985, -0.4959404170513153, -0.031195392832159996, 0.27390509843826294, -0.13357876241207123, -0.11094622313976288], [-0.17558369040489197, 0.17038220167160034, -0.7058725953102112, -0.24719908833503723, -0.07298704981803894, 0.6503291726112366, -0.4270351529121399, 0.1526888757944107, -0.25792717933654785, -0.027644675225019455, -0.3176056444644928, 0.27164313197135925, -0.006709283217787743], [-0.2718488574028015, -0.38323795795440674, 0.041282787919044495, -0.21573148667812347, 0.08566984534263611, -0.20978553593158722, -0.4244554936885834, 0.1919330507516861, -0.10121642798185349, -0.15673038363456726, -0.25889497995376587, -0.17001816630363464, -0.08809978514909744], [-0.22323107719421387, -0.24968737363815308, -0.07986300438642502, 0.01868666149675846, -0.268537312746048, -0.06289497762918472, 0.02368484064936638, 0.027134068310260773, -0.04243531450629234, -0.2341746836900711, -0.23295487463474274, 0.20293579995632172, 0.1524033397436142], [-0.10497602075338364, 0.3233679234981537, -0.3386686444282532, -0.08660811185836792, 0.37602636218070984, -0.27172648906707764, -0.12493529915809631, -0.15954387187957764, -0.11966945976018906, -0.41011881828308105, 0.011117154732346535, -0.22512494027614594, 0.019418051466345787], [-0.3763861060142517, 0.6821292638778687, -0.10018701106309891, -0.16283699870109558, 0.4771471619606018, 1.0596340894699097, 0.1688249707221985, 0.1566605269908905, -0.5369011759757996, 0.1584981381893158, 0.06485770642757416, -0.051841963082551956, 0.23109684884548187], [0.627997100353241, 0.08759825676679611, 0.5856118202209473, -0.18205395340919495, -0.4868784248828888, 0.15771730244159698, -0.41043686866760254, -0.15831393003463745, -0.43294835090637207, -3.9474074840545654, 0.11087490618228912, 0.1192111000418663, -0.06887080520391464], [0.7442477345466614, -0.1467219442129135, 0.03439212962985039, 0.15342672169208527, 0.027272026985883713, -0.36770614981651306, -0.28682780265808105, 0.03126581758260727, 0.46397313475608826, -0.2008984386920929, -1.3655905723571777, 0.2196551412343979, -0.1771499067544937]], "_stack.Linear_2.bias": [0.1813448965549469, 0.2441834658384323, 0.0018865123856812716, 0.36055833101272583, 1.0737711191177368, 0.5124205946922302, 2.248300313949585, -0.4417082369327545, -0.17258401215076447, 2.289945602416992, -0.31108516454696655, 0.5056787729263306, -2.197192907333374], "_stack.Linear_4.weight": [[0.2556653320789337, 0.2946367561817169, 0.15819869935512543, 0.18249766528606415, -0.20709499716758728, 0.20017343759536743, -0.6411755681037903, -0.07456796616315842, -0.13657380640506744, -0.36454668641090393, 0.10546780377626419, -0.23268626630306244, 0.45805418491363525]], "_stack.Linear_4.bias": [-0.8243229985237122],