{"metadata": {"version": 1, "features": ["Chi2", "NDOF", "LogPt", "Eta", "FitVeloChi2", "FitTChi2", "FitTNDOF", "FitMatchChi2", "nUTHits", "nUTOutliers"]}, "_stack.Linear_0.weight": [[-0.1538541465997696, 0.4141567349433899, 2.3608546257019043, -0.6339879631996155, 0.06784359365701675, 0.1210428923368454, -0.26975560188293457, -0.015726175159215927, 1.1935559511184692, -2.3647639751434326], [-0.4752267003059387, -0.060042448341846466, 0.6438944339752197, 1.983938217163086, 0.5146106481552124, 0.4542023539543152, -0.041749365627765656, 0.07526741921901703, 1.2163233757019043, -0.6802011132240295], [0.007789543829858303, -1.1580698490142822, 0.799545407295227, -0.019318686798214912, 0.15327994525432587, -0.0006991460686549544, 1.3589504957199097, -0.08055075258016586, 1.3713831901550293, -1.4687538146972656], [0.5083645582199097, -0.19288954138755798, -1.150111198425293, -1.4462518692016602, -0.45001986622810364, -0.4830107092857361, 0.817935585975647, -0.656222403049469, 2.397660255432129, -1.6910285949707031], [0.11201850324869156, 0.2212497591972351, 1.210795521736145, -0.45162713527679443, -0.01061587780714035, 0.20051826536655426, -3.196983814239502, -0.209145650267601, -4.405673027038574, -3.9261672496795654], [0.2699257433414459, -0.07863978296518326, 1.7871756553649902, -0.8992989659309387, -0.45804068446159363, -0.23597872257232666, 0.4819837212562561, -0.1969701647758484, -0.12882284820079803, -1.5028717517852783], [-0.1882181018590927, -0.3371708393096924, -0.20646332204341888, 0.2286490797996521, 0.2364526242017746, 0.20670612156391144, 0.21338561177253723, 0.24425385892391205, -0.09283178299665451, 0.12896916270256042], [0.3372266888618469, 0.5598301887512207, -0.4451260566711426, 0.8914637565612793, -0.4676985740661621, -0.3687172830104828, -0.38937756419181824, -0.3847389817237854, -3.090275287628174, 0.4783131778240204], [-0.1257694661617279, -0.13262563943862915, -0.561174750328064, 2.635474681854248, 0.14314787089824677, 0.14961683750152588, 0.02009154111146927, 0.11485264450311661, -1.3848291635513306, -0.2542923092842102], [0.21338656544685364, 0.38784417510032654, -1.51887845993042, -2.231266736984253, -0.2441377490758896, -0.16307803988456726, 0.13839010894298553, 0.1833534687757492, -0.40223103761672974, 10.28611946105957], [0.013066256418824196, -0.2236420214176178, -0.10569372773170471, -0.08583849668502808, -0.06100944057106972, 0.03026319295167923, 0.29245680570602417, 0.016930945217609406, -0.19525165855884552, 0.016208024695515633], [-0.07139576226472855, 0.8726719617843628, -2.7487523555755615, 0.009293731302022934, -0.5843853950500488, 0.029805386438965797, -0.5146307349205017, 0.15884394943714142, 0.4879937469959259, -0.5491762757301331], [0.02074085921049118, -0.2107619196176529, -0.1132996454834938, 0.0690528005361557, -0.2410661280155182, 0.1571052223443985, -0.2870935797691345, -0.30398765206336975, -0.3072660565376282, -0.06415101885795593], [0.008363664150238037, -0.5077493190765381, 1.746415376663208, -2.835394859313965, 0.2383718490600586, 0.013111507520079613, 1.0142021179199219, 0.0637386217713356, -0.480379194021225, -2.6869723796844482], [0.04114273190498352, -0.25276753306388855, 0.7442105412483215, 2.121760368347168, 0.10125987976789474, -0.057399433106184006, 0.23480620980262756, 0.005563224665820599, 0.07604634016752243, -1.2125401496887207]], "_stack.Linear_0.bias": [-4.48045539855957, -4.890119552612305, 5.4342803955078125, 2.1636977195739746, 1.1093422174453735, -4.463799953460693, -0.12830348312854767, 0.2756708860397339, -6.487748622894287, -1.010837197303772, -0.035610176622867584, 2.067812204360962, -0.310239315032959, 2.333872079849243, -6.917640209197998], "_stack.Linear_2.weight": [[-0.03269209340214729, 0.50724196434021, -0.4616054594516754, -0.34969064593315125, -0.22176598012447357, 0.5789072513580322, -0.04476820304989815, 0.1706397831439972, -0.25006794929504395, 0.01472017727792263, 0.00830267183482647, 0.1998310387134552, -0.05614061281085014, -0.3261856138706207, 0.6261525750160217], [0.4227137863636017, -0.2546691596508026, 1.4003468751907349, -0.3361589014530182, -0.30308327078819275, 0.24634745717048645, 0.2290899157524109, -0.8819800019264221, -0.031266096979379654, -0.2749399244785309, 0.15283268690109253, -0.40396633744239807, -0.13915637135505676, 0.09910950809717178, -2.2299752235412598], [0.3545580208301544, 0.03493857756257057, -0.3657301962375641, 0.16373668611049652, -0.3181595504283905, 0.17449189722537994, 0.04608718678355217, 1.01185941696167, 0.8113880753517151, -1.264673113822937, 0.14963547885417938, -0.5373587012290955, 0.07857868075370789, 0.33930954337120056, -0.820686936378479], [-0.31008031964302063, 0.07396529614925385, 1.070325255393982, -0.015290995128452778, 0.34911924600601196, 0.2353343367576599, -0.10356881469488144, 0.5530306696891785, -4.285948276519775, -0.16189996898174286, -0.20931406319141388, -0.17064057290554047, -0.001245223800651729, 0.13769176602363586, -0.18604956567287445], [-0.23429246246814728, 0.18650096654891968, 1.591424584388733, -0.0972028374671936, -0.35793450474739075, -0.42684444785118103, 0.04420769587159157, 0.23222987353801727, -2.5964486598968506, -0.05592606961727142, -0.09521541744470596, 0.5893369317054749, -0.24496962130069733, -0.2810954749584198, -0.3383556008338928], [-0.19499044120311737, 0.017912166193127632, -0.022284137085080147, -0.08591464906930923, -0.05766814947128296, 0.13239377737045288, 0.012341123074293137, -0.2813369631767273, -0.15243034064769745, -0.08802007883787155, 0.12992991507053375, -0.19738486409187317, 0.2434607893228531, -0.05750846490263939, -0.0779261589050293], [-0.6932269334793091, 0.5191196799278259, 0.050710298120975494, -0.20036359131336212, -0.36376214027404785, -0.2686513662338257, -0.011580714955925941, 0.16172900795936584, 0.9593412280082703, -0.1831844598054886, 0.10584306716918945, 0.7994151711463928, -0.07350489497184753, 0.6190475821495056, -0.10037093609571457], [0.5127562880516052, 0.9829375743865967, -0.458000510931015, -0.16226164996623993, -0.16365918517112732, 0.3979499638080597, 0.17068611085414886, 0.5202153325080872, 0.11214785277843475, 0.16589567065238953, 0.24107761681079865, -0.4301891624927521, 0.11255079507827759, 0.4029608368873596, -0.3535502851009369], [0.4124072790145874, -0.2609286308288574, 0.5651749968528748, -0.18653929233551025, -0.4227117896080017, -0.17402879893779755, -0.11094289273023605, -0.1247372180223465, 0.16596892476081848, -0.28695178031921387, -0.127168670296669, 0.02015029452741146, -0.024817954748868942, -1.101773977279663, 1.2348002195358276], [-0.2137441784143448, 0.1928294450044632, -0.24338558316230774, -0.08569145947694778, 0.3094194829463959, 0.1755100041627884, 0.05314686894416809, -0.17206117510795593, 1.1294933557510376, -1.7176307439804077, -0.2519197165966034, -0.15275418758392334, -0.1758766919374466, -0.40106290578842163, -0.47190847992897034], [-0.2970878481864929, -0.07018014788627625, 0.07674949616193771, 0.0002384727995377034, 0.0585576668381691, -0.059763215482234955, 0.09626137465238571, -0.1469915509223938, -0.13372500240802765, -0.26918289065361023, -0.19451075792312622, 0.05714401975274086, -0.15288300812244415, -0.016278574243187904, -0.0007640691474080086], [-0.24833394587039948, -0.34432560205459595, 0.11964097619056702, -1.960577130317688, 0.13424453139305115, -0.2852039933204651, -0.043911322951316833, 0.8796404600143433, -1.2220426797866821, -1.4830242395401, -0.17768123745918274, -0.21926291286945343, -0.11642682552337646, 0.24441635608673096, 0.14936451613903046], [-0.5172191262245178, 0.5473842024803162, -2.477027416229248, -0.2611294984817505, -0.21526019275188446, 0.3612588942050934, 0.048333730548620224, 0.45155730843544006, -1.0195318460464478, -0.167807936668396, -0.07951410859823227, 0.33727115392684937, -0.249763622879982, -1.0794177055358887, -0.4549183249473572], [0.6440132856369019, 0.3961118757724762, -0.17574167251586914, -0.6616218090057373, -0.6508858799934387, 0.00228121574036777, -0.08816570788621902,