{"metadata": {"version": 1, "features": ["Chi2PerNDOF", "LogPt", "Eta", "FitVeloChi2PerNDOF", "FitUTChi2PerNDOF", "nUTHits", "nUTOutliers"]}, "_stack.Linear_0.weight": [[4.56271505355835, -0.06705330312252045, 0.894243597984314, -3.1646440029144287, -1.640933632850647, -0.3334742486476898, -1.1578716039657593], [-2.35727596282959, -0.18401625752449036, 0.8524313569068909, 3.4526734352111816, -0.7870990037918091, -0.3636496961116791, 0.054842907935380936], [3.8128349781036377, -0.0828772485256195, 0.8012673258781433, -3.304795742034912, -0.10865295678377151, -0.05983692780137062, -0.20208615064620972], [-1.389539122581482, 0.29725733399391174, 0.6575809121131897, 1.1161178350448608, 0.22019731998443604, 1.0651817321777344, 0.2124025970697403], [-2.5562081336975098, 0.06805060058832169, 0.018891407176852226, 0.4018842279911041, 2.128258228302002, 0.020032145082950592, 0.604088306427002], [-0.6673757433891296, -0.875795841217041, 0.43245184421539307, -2.9506306648254395, 0.18917739391326904, 0.21496596932411194, 1.228174090385437], [0.1586531400680542, -0.9753246307373047, -0.6541439294815063, -0.140955850481987, 0.11476147919893265, -0.04166334494948387, 0.1334831565618515], [1.1681822538375854, -0.1899510622024536, -2.07350754737854, 1.1878023147583008, 0.029652323573827744, 0.5405116677284241, 0.01531416829675436], [1.9916810989379883, 0.5231738090515137, -0.8219126462936401, -0.42820897698402405, -1.2055784463882446, 1.8192633390426636, -2.5538337230682373], [0.7629879117012024, 1.3174656629562378, 1.3409758806228638, -0.1857604831457138, -0.3801009953022003, -2.0332393646240234, 2.1890206336975098], [-1.1180450916290283, 0.04310581460595131, 1.5782599449157715, 0.8138988614082336, 0.3956385850906372, 0.20168882608413696, -3.191103458404541], [-0.43328040838241577, 0.5081038475036621, -2.051927089691162, 0.0017487156437709928, -0.07950930297374725, 0.7162622213363647, -1.0245190858840942]], "_stack.Linear_0.bias": [-0.1302424520254135, -0.13901673257350922, -1.6250121593475342, -7.243290901184082, -0.5711187124252319, 5.3755974769592285, 8.208466529846191, 2.4122157096862793, -3.006211996078491, -5.020496845245361, -3.5920538902282715, 3.7289295196533203], "_stack.Linear_2.weight": [[0.5483928322792053, 0.7330907583236694, -0.5698808431625366, -0.7852353453636169, -0.26757141947746277, -0.03846020624041557, 4.518476486206055, -0.11576344072818756, -1.505997896194458, 1.4798063039779663, -1.4308682680130005, 0.44046276807785034], [2.467534303665161, -3.018153429031372, 1.194252610206604, 0.28850510716438293, -0.3362463712692261, 1.185189127922058, -0.3261900544166565, -0.06660542637109756, -0.7145823836326599, 0.3999549448490143, -0.4836924374103546, 1.1235930919647217], [-0.1043795570731163, 0.01618342101573944, -0.1759544163942337, -0.16623690724372864, 0.03855082020163536, -0.26440343260765076, -0.094774529337883, -0.11374697089195251, -0.06815910339355469, -0.08123552054166794, 0.04856123775243759, -0.09523134678602219], [-0.12341755628585815, -0.08415701985359192, -0.5719864964485168, -0.6734079718589783, -0.23564258217811584, -0.03823672607541084, -2.088304042816162, -1.0786421298980713, 1.135105848312378, -0.307110458612442, 1.5157921314239502, -0.739422082901001], [-1.780402421951294, 1.4954370260238647, -2.260392189025879, -3.758821964263916, 0.6907293796539307, 1.5163224935531616, -0.8206793665885925, -0.3437083959579468, -0.0766008123755455, -1.4079245328903198, 1.6249738931655884, -0.7375385761260986], [0.13801530003547668, 0.6022703051567078, 0.8093311786651611, -0.6406126618385315, -0.03369789198040962, 0.0630483627319336, -3.5441675186157227, 0.5020729899406433, 0.16677537560462952, -2.204594135284424, 1.5474714040756226, 0.8784650564193726], [2.406245231628418, -1.880574345588684, 2.168895959854126, -1.5900142192840576, 0.39216676354408264, 0.7750443816184998, -0.18484093248844147, -0.17673760652542114, 0.9272961020469666, -0.3057713210582733, -1.3321692943572998, -0.4690523147583008], [0.9135096073150635, -0.8704099059104919, 1.5081007480621338, -0.36353346705436707, 0.7216504216194153, -0.5053268671035767, -0.6346560716629028, -0.5255999565124512, 1.0183831453323364, -0.5200899839401245, -1.547975778579712, -0.3351579010486603], [0.2939254343509674, 0.2756615877151489, -0.37567418813705444, -0.9248941540718079, -0.21105578541755676, -0.21574586629867554, 4.006265163421631, 0.11722005158662796, 0.16753892600536346, -0.9001889824867249, -0.7471601366996765, 0.7982581257820129], [-0.43493014574050903, -0.36503297090530396, 0.628253698348999, -0.6059699058532715, -3.7805917263031006, -0.851364016532898, -0.9874563217163086, 1.5155184268951416, -0.30726906657218933, -1.3216116428375244, 0.4846721589565277, -1.7161446809768677], [0.10875371843576431, -0.8314341902732849, 0.06956712901592255, 2.3891899585723877, -0.32032111287117004, -0.05255647003650665, 2.86478328704834, 0.18901804089546204, -0.4276540279388428, -0.4589981138706207, 1.3551644086837769, 0.22457796335220337], [-0.3313623368740082, -0.6642377972602844, 1.5120317935943604, 0.19892875850200653, -0.2825673222541809, -0.22713875770568848, -8.902894973754883, -0.7650870084762573, -0.793951690196991, 0.048106566071510315, 0.5973668098449707, -1.6210249662399292]], "_stack.Linear_2.bias": [2.739130735397339, -3.0785303115844727, -0.24160706996917725, 0.4306209981441498, 2.1123499870300293, 0.3604526221752167, -0.9780605435371399, 3.0700578689575195, -0.6493412256240845, 5.76693058013916, -1.3887501955032349, -0.1966913789510727], "_stack.Linear_4.weight": [[-0.2787137031555176, 0.24950136244297028, 0.03073708713054657, 0.19443991780281067, -0.21817800402641296, 0.2122427225112915, -0.4035566449165344, 0.29950785636901855, 0.2618875205516815, -0.24796414375305176, -0.19851438701152802, 0.2314329594373703]], "_stack.Linear_4.bias": [-0.26315832138061523],