{
    "num_node": 32,
    "num_input": 6,
    "mean": [
        1.1169967654696193,
        0.4391364098581983,
        178.27517659430308,
        0.0009204379083734798,
        0.0010467713185408952,
        14.562489594897608
    ],
    "std": [
        16.883307457272963,
        17.196778972749154,
        365.33741541225186,
        0.04558535785333207,
        0.04424713939462118,
        14.100564156575077
    ],
    "weights1": [
        [
            0.3840203285217285,
            0.015173875726759434,
            1.995773434638977,
            0.15719281136989594,
            0.05086209997534752,
            0.698960542678833
        ],
        [
            -0.034975286573171616,
            0.06464622169733047,
            -0.30130821466445923,
            0.38689959049224854,
            -0.5890230536460876,
            -0.0996619462966919
        ],
        [
            0.4216500520706177,
            -0.028339093551039696,
            -0.5534997582435608,
            -0.02046673744916916,
            0.04942940175533295,
            -0.1697292923927307
        ],
        [
            -0.7370581030845642,
            -0.09256892651319504,
            0.13614195585250854,
            4.613110542297363,
            0.4455077648162842,
            -0.39835551381111145
        ],
        [
            0.011237134225666523,
            0.04641051962971687,
            0.3906894624233246,
            -0.5002334713935852,
            -0.6323942542076111,
            -0.9915828704833984
        ],
        [
            -0.12096692621707916,
            0.4522077739238739,
            0.6723684668540955,
            0.07279311865568161,
            0.11349973827600479,
            0.3492206335067749
        ],
        [
            -0.29765674471855164,
            -0.016371987760066986,
            0.29669392108917236,
            1.6190288066864014,
            0.12093594670295715,
            -0.2022840529680252
        ],
        [
            -0.03250919282436371,
            -0.8521496653556824,
            -0.4021508991718292,
            -0.09955213218927383,
            -0.021086417138576508,
            -0.2644900679588318
        ],
        [
            1.1516636610031128,
            -0.7658683061599731,
            -0.32043689489364624,
            -0.1873176097869873,
            1.9750823974609375,
            -0.11115840077400208
        ],
        [
            0.026460789144039154,
            -0.021579744294285774,
            -0.2641257345676422,
            -0.49814867973327637,
            0.5804228186607361,
            0.5086830854415894
        ],
        [
            0.015619286336004734,
            -0.008638895116746426,
            -0.1747724413871765,
            0.39836132526397705,
            -0.2185816764831543,
            0.5157719254493713
        ],
        [
            -0.7216456532478333,
            0.2461002618074417,
            0.27931052446365356,
            1.7155433893203735,
            -0.5167009830474854,
            1.154343605041504
        ],
        [
            0.09564079344272614,
            -0.014639065600931644,
            -0.0973675325512886,
            -0.6484713554382324,
            0.09923964738845825,
            0.6749600768089294
        ],
        [
            -0.24006012082099915,
            0.9740159511566162,
            1.079323410987854,
            0.3111603260040283,
            -1.1277214288711548,
            0.5863409638404846
        ],
        [
            0.07280974090099335,
            -1.1332366466522217,
            1.4108864068984985,
            0.2846735119819641,
            -0.4233504831790924,
            -1.4602292776107788
        ],
        [
            0.13037621974945068,
            -0.010777004994452,
            -0.8679637312889099,
            0.11182471364736557,
            -0.016125395894050598,
            -0.20789310336112976
        ],
        [
            -0.04787703976035118,
            -0.045143742114305496,
            0.35163047909736633,
            0.4903357923030853,
            0.6345407366752625,
            -0.8348354697227478
        ],
        [
            0.45241597294807434,
            -0.8897207379341125,
            -0.4311405420303345,
            -1.8159689903259277,
            0.41124776005744934,
            -0.2588244676589966
        ],
        [
            0.1675187349319458,
            -0.07781606912612915,
            -0.7419763803482056,
            0.11774977296590805,
            -0.02556598000228405,
            -0.18426206707954407
        ],
        [
            0.17522217333316803,
            0.004344565328210592,
            -0.7193514704704285,
            0.13492915034294128,
            0.043293844908475876,
            -0.03273634985089302
        ],
        [
            0.005669442471116781,
            0.9883755445480347,
            1.1168910264968872,
            0.11131108552217484,
            0.1329321712255478,
            0.41029855608940125
        ],
        [
            0.1731652468442917,
            -1.318386435508728,
            1.2078155279159546,
            -0.23367126286029816,
            1.33884859085083,
            0.41689813137054443
        ],
        [
            0.9749979972839355,
            0.15095770359039307,
            0.14767684042453766,
            -4.256101608276367,
            -0.6130232810974121,
            -0.2579553425312042
        ],
        [
            -0.14196982979774475,
            1.3802824020385742,
            2.2673778533935547,
            0.05550939962267876,
            0.6290210485458374,
            -1.0144424438476562
        ],
        [
            0.10518215596675873,
            -0.036603182554244995,
            -0.43618538975715637,
            0.06911635398864746,
            -0.004018705803900957,
            -0.10685598105192184
        ],
        [
            0.892392098903656,
            1.153174638748169,
            -0.3025653064250946,
            0.48030006885528564,
            -2.2296111583709717,
            0.2575884461402893
        ],
        [
            0.020406784489750862,
            0.6996767520904541,
            1.0731515884399414,
            -0.14124491810798645,
            0.8506197929382324,
            -0.7081923484802246
        ],
        [
            0.5230261087417603,
            0.3928679823875427,
            0.8417484164237976,
            -4.301467418670654,
            -0.8435002565383911,
            0.18731768429279327
        ],
        [
            0.07064778357744217,
            -0.303113728761673,
            0.7100349068641663,
            0.0251807551831007,
            -0.19658608734607697,
            0.6406314373016357
        ],
        [
            0.10403238236904144,
            0.014690028503537178,
            -0.9674692749977112,
            -0.006360678002238274,
            0.0816870629787445,
            -0.34259098768234253
        ],
        [
            -0.6721020340919495,
            -0.2614879608154297,
            1.2101287841796875,
            3.956321954727173,
            0.5583645105361938,
            -0.7510812282562256
        ],
        [
            -0.4687696397304535,
            -0.020178599283099174,
            -0.6387323141098022,
            2.000514030456543,
            -0.09139067679643631,
            1.3630719184875488
        ]
    ],