{
    "num_node": 32,
    "num_input": 8,
    "mean": [
        3.0087468501309047,
        8.802081521617229,
        9.687289118095801,
        5.90287880908139,
        6.614777901206632,
        7.041888512337048,
        1023.3895088283058,
        3.5716075286654343
    ],
    "std": [
        2.965304780762748,
        1.6613692437744112,
        1.4751037928514688,
        0.5078702232381512,
        0.5664542243381255,
        0.5019570444169864,
        527.5370687130983,
        0.6096592047703698
    ],
    "weights1": [
        [
            0.0719715878367424,
            -3.1301450729370117,
            3.699319839477539,
            0.26648959517478943,
            0.48523783683776855,
            -0.0630938932299614,
            0.42292386293411255,
            0.6602445840835571
        ],
        [
            -0.01460359338670969,
            2.179525852203369,
            -3.5712637901306152,
            -0.32150837779045105,
            -0.3804655969142914,
            -0.4612347185611725,
            -0.6906439661979675,
            -1.3013036251068115
        ],
        [
            -0.002381764817982912,
            -3.7389514446258545,
            3.9867265224456787,
            -0.16045992076396942,
            -0.5874791145324707,
            1.054038643836975,
            0.2522202432155609,
            0.5624115467071533
        ],
        [
            -0.6110521554946899,
            0.2551342844963074,
            -0.26252761483192444,
            -0.5421561598777771,
            -0.2068287432193756,
            -0.7334441542625427,
            -0.20520861446857452,
            0.28401288390159607
        ],
        [
            -0.18830326199531555,
            -0.7549898028373718,
            2.427011013031006,
            -0.21948938071727753,
            -0.7572528123855591,
            0.8332680463790894,
            -0.5910825133323669,
            -0.27242323756217957
        ],
        [
            0.0387621708214283,
            1.814365029335022,
            1.516878604888916,
            -0.3040892481803894,
            -0.5092049837112427,
            0.6126192808151245,
            -0.4864325225353241,
            2.4543628692626953
        ],
        [
            0.0774684026837349,
            0.16237246990203857,
            1.0883212089538574,
            0.24393051862716675,
            0.3240678608417511,
            0.09962691366672516,
            -0.08459293097257614,
            2.3080520629882812
        ],
        [
            0.24740631878376007,
            -0.031727757304906845,
            0.6070394515991211,
            -0.3362959027290344,
            0.8212770819664001,
            0.318803995847702,
            0.03221393749117851,
            1.1363369226455688
        ],
        [
            0.1972457319498062,
            -0.2922877371311188,
            0.14352166652679443,
            -1.4585038423538208,
            1.5936992168426514,
            -0.3247949481010437,
            -0.18487003445625305,
            -0.2718929946422577
        ],
        [
            -0.14701393246650696,
            0.1068921908736229,
            0.8301342725753784,
            0.596712052822113,
            0.6158727407455444,
            -0.01914885640144348,
            0.5565907955169678,
            0.9030303955078125
        ],
        [
            0.4007797837257385,
            -0.6301301717758179,
            0.7490152716636658,
            0.24965962767601013,
            0.17825035750865936,
            -0.2035081535577774,
            0.17133253812789917,
            1.6064996719360352
        ],
        [
            0.0800401046872139,
            -1.7933870553970337,
            1.7036247253417969,
            0.7304996252059937,
            -0.18878287076950073,
            -0.3865632712841034,
            -0.14598044753074646,
            0.3663071393966675
        ],
        [
            -0.9506299495697021,
            -0.5550395846366882,
            1.0901143550872803,
            0.2834530174732208,
            -0.7161003351211548,
            0.599568247795105,
            -0.881432831287384,
            1.2950682640075684
        ],
        [
            0.14778783917427063,
            -2.681338310241699,
            1.7822515964508057,
            -0.022316398099064827,
            -0.8896834850311279,
            0.5045459270477295,
            -0.6369549632072449,
            0.21852394938468933
        ],
        [
            -0.0022291773930191994,
            -3.7584481239318848,
            4.270727634429932,
            0.07674196362495422,
            0.041207194328308105,
            0.5342075228691101,
            0.356746107339859,
            0.8686391711235046
        ],
        [
            -0.07696684449911118,
            6.702163219451904,
            -5.8003363609313965,
            0.20728439092636108,
            -0.04100341722369194,
            -0.1417134702205658,
            0.2890781760215759,
            0.11114857345819473
        ],
        [
            0.6997824311256409,
            0.038319461047649384,
            0.04377765953540802,
            1.1770657300949097,
            -1.0228660106658936,
            -0.06335412710905075,
            -0.10819213837385178,
            0.07935646921396255
        ],
        [
            0.24165011942386627,
            0.6550329923629761,
            -0.2391745150089264,
            -0.0726366862654686,
            0.4571988582611084,
            0.23101688921451569,
            -2.2244369983673096,
            -0.05004514753818512
        ],
        [
            0.13569121062755585,
            1.2973264455795288,
            -1.7208583354949951,
            -0.9867491722106934,
            -0.45690563321113586,
            -0.7742568254470825,
            0.4851587414741516,
            -2.1754324436187744
        ],
        [
            -0.25515270233154297,
            0.03733859583735466,
            -0.9737509489059448,
            -0.739998459815979,
            -1.0155280828475952,
            -0.5192583203315735,
            -0.2585546374320984,
            -1.19832444190979
        ],
        [
            0.12730129063129425,
            -0.37720197439193726,
            -0.47552359104156494,
            0.525700032711029,
            0.8108683228492737,
            -1.210897445678711,
            1.0989502668380737,
            -1.0291837453842163
        ],
        [
            -0.05938459560275078,
            -2.359243869781494,
            1.9526971578598022,
            -0.0339001901447773,
            -0.4796372950077057,
            0.5353461503982544,
            -0.5455925464630127,
            0.013367434032261372
        ],
        [
            0.9811753630638123,
            0.14668147265911102,
            -0.2621155381202698,
            -0.28087112307548523,
            1.0187331438064575,
            -0.6686897277832031,
            0.8829896450042725,
            0.21116062998771667
        ],
        [
            -0.22801366448402405,
            0.45394158363342285,
            -0.5310842990875244,
            2.255812644958496,
            -0.028453372418880463,
            0.40797436237335205,
            1.1182714700698853,
            -0.4855074882507324
        ],
        [
            -0.03265324607491493,
            0.6929710507392883,
            1.706516981124878,
            0.054278209805488586,
            0.6239076256752014,
            -0.38157427310943604,
            -0.2454986274242401,
            2.0855884552001953
        ],
        [
            -0.3914085924625397,
            2.228271961212158,
            -3.04109525680542,
            -0.5819876194000244,
            -0.6748404502868652,
            0.5516143441200256,
            -0.4261908531188965,
            -0.8837311863899231
        ],
        [
            -0.96781986951828,
            0.49826839566230774,
            0.032178305089473724,
