{
  "sigmanet.gamma": [
    1.0
  ],
  "sigmanet.sigma": [
    2.0
  ],
  "sigmanet.nn.0.bias": [
    1.707405686378479,
    -1.7961502075195312,
    1.768919587135315,
    -1.8466428518295288,
    -2.157376289367676,
    1.6405797004699707,
    -2.5470540523529053,
    6.226659774780273,
    1.5459312200546265,
    -1.4159419536590576,
    -1.8350186347961426,
    1.9841809272766113,
    2.0924291610717773,
    -2.0561132431030273,
    0.5771042704582214,
    2.797785758972168,
    1.4349212646484375,
    1.4232386350631714,
    -1.834672212600708,
    4.554126262664795
  ],
  "sigmanet.nn.0.weight_orig": [
    [
      -1.255332112312317,
      -1.2515223026275635,
      -0.03498458489775658,
      -1.2555288076400757
    ],
    [
      1.2589669227600098,
      1.256307601928711,
      0.12541574239730835,
      1.252571940422058
    ],
    [
      -1.2547377347946167,
      -1.2514930963516235,
      -0.1344733089208603,
      -1.2535759210586548
    ],
    [
      1.2551751136779785,
      1.2570067644119263,
      0.18700675666332245,
      1.2497671842575073
    ],
    [
      1.2588577270507812,
      1.2552621364593506,
      0.214834526181221,
      1.2527822256088257
    ],
    [
      -1.2525218725204468,
      -1.2547760009765625,
      -0.08235051482915878,
      -1.2535895109176636
    ],
    [
      1.2599210739135742,
      1.2599210739135742,
      0.0635327622294426,
      1.259319543838501
    ],
    [
      -1.2516794204711914,
      1.257991909980774,
      0.07391490042209625,
      1.257306694984436
    ],
    [
      -1.255826473236084,
      -1.259064793586731,
      -0.12414398044347763,
      -1.2546534538269043
    ],
    [
      1.2545273303985596,
      1.252011775970459,
      0.06486739218235016,
      1.2534834146499634
    ],
    [
      1.2535431385040283,
      1.2574143409729004,
      0.24673916399478912,
      1.2528811693191528
    ],
    [
      -1.252833604812622,
      -1.2557599544525146,
      -0.2094341665506363,
      -1.2567850351333618
    ],
    [
      -1.2540712356567383,
      -1.2589954137802124,
      -0.26884573698043823,
      -1.2576817274093628
    ],
    [
      1.258681058883667,
      1.2425771951675415,
      0.06895093619823456,
      1.2532581090927124
    ],
    [
      1.259765625,
      -1.2560127973556519,
      0.0034595306497067213,
      1.2599210739135742
    ],
    [
      1.2598942518234253,
      0.6007383465766907,
      0.21607111394405365,
      -0.8677991628646851
    ],
    [
      -1.2520503997802734,
      -1.2500828504562378,
      -0.057141225785017014,
      -1.2516727447509766
    ],
    [
      -1.2534072399139404,
      -1.258093237876892,
      -0.056681256741285324,
      -1.2553247213363647
    ],
    [
      1.253248691558838,
      1.2567025423049927,
      0.10442863404750824,
      1.2558778524398804
    ],
    [
      -1.2574533224105835,
      -1.2585456371307373,
      -1.2599210739135742,
      -1.254435658454895
    ]
  ],
  "sigmanet.nn.2.bias": [
    1.3700441122055054,
    1.3140732049942017,
    -1.3327579498291016,
    1.401261329650879,
    0.45881783962249756,
    1.7141045331954956,
    -1.2379298210144043,
    -1.4458411931991577,
    1.3439838886260986,
    1.347022533416748,
    -0.9491980671882629,
    -1.6148539781570435,
    -2.0946598052978516,
    1.212853193283081,
    1.3484820127487183,
    1.350035548210144,
    -1.3654851913452148,
    1.2980109453201294,
    -1.3508089780807495,
    -1.3212782144546509
  ],
  "sigmanet.nn.2.weight_orig": [
    [
      -0.0003621558134909719,
      0.00047531051677651703,
      -6.117994780652225e-05,
      7.066321995807812e-05,
      -0.00026000611251220107,
      3.3695010642986745e-05,
      -4.778491347678937e-05,
      1.255780577659607,
      -4.5110216888133436e-05,
      0.00042814630432985723,
      -0.00037593167508020997,
      7.302506128326058e-05,
      -0.0003210148715879768,
      0.00032573737553320825,
      2.836653948179446e-05,
      1.794991476344876e-05,
      -0.00036185214412398636,
      -0.0002309908886672929,
      -0.00031063880305737257,
      0.00031094951555132866
    ],
    [
      -0.00020672469690907747,
      7.391143299173564e-05,
      -8.861280366545543e-05,
      0.00013375618436839432,
      -0.00025954199372790754,
      0.0003237759228795767,
      -1.866288403107319e-05,
      1.2565462589263916,
      -0.00033735772012732923,
      6.697396202071104e-06,
      -0.00023547526507172734,
      0.0003049962979275733,
      -0.0002952809736598283,
      5.950980721536325e-06,
      1.933414205268491e-05,
      4.521862501860596e-05,
      -0.00028889457462355494,
      -7.895322778495029e-05,
      -0.0002071688650175929,
      0.0004444456717465073
    ],
    [
      -9.008114147945889e-07,
      -9.457779378863052e-05,
      0.00011683165212161839,
      -0.00020446101552806795,
      0.00036871799966320395,
      -0.00014720781473442912,
      3.521652251947671e-05,
      -1.2568330764770508,
      0.00023699874873273075,
      -0.000128713232697919,
      0.00011400548828532919,
      -2.768316880974453e-05,
      0.00036245130468159914,
      -0.00020522592240013182,
      -5.403265731729334e-06,
      -8.540484850527719e-05,
      0.0005141440196894109,
      0.00014744934742338955,
      0.0002556128893047571,
      -3.6962162994313985e-05
    ],
    [
      -9.03228919924004e-06,
      0.0002754651941359043,
      -0.0002835091727320105,
      0.0005078258109278977,
      -3.357446985319257e-05,
      6.035236219759099e-05,
      -2.262392627017107e-05,
      1.2566065788269043,
      -0.000517477688845247,
      0.00011832385644083843,
      -2.1135725546628237e-05,
      0.0002317291364306584,
      -0.00012474013783503324,
      4.129220906179398e-05,
      9.763810339791235e-06,
      2.4130775273079053e-05,
      -0.00024555405252613127,
      -8.801994408713654e-05,
      -0.00024650440900586545,
      0.0004534296749625355
    ],
    [
      -3.701405876199715e-05,
      0.0001212607094203122,
      -6.354284414555877e-05,
      8.503029675921425e-05,
      -0.00024894127273000777,
      9.470732038607821e-05,
      1.8822797756001819e-06,
      1.2576230764389038,
      -0.00019484772928990424,
      0.0001334104163106531,
      -0.00013093813322484493,
      0.0002505644515622407,
      -6.605716771446168e-05,
      0.0001272193476324901,
      -4.3455561353766825e-06,
      -7.374139840976568e-06,
      -0.00024224280787166208,
      -0.00012803473509848118,
      -0.00019857552251778543,
      0.00016216398216784
    ],
    [
      -0.0009757921216078103,
      0.0014679315499961376,
      -0.002630803268402815,
      0.0022463935893028975,
      -0.0008631216478534043,
      0.0006912891985848546,
      -1.0995818229275756e-05,
      0.06962145119905472,
      -0.0015534056583419442,
      0.0009661945514380932,
      -0.0014069642638787627,
      0.001207804074510932,
      -0.0024427161552011967,
      0.0008337960462085903,
      7.385035587503808e-06,
      1.1690953969955444,
      -0.0012909529032185674,
      -0.00027629316900856793,
      -0.0015126544749364257,
      0.0008197994320653379
    ],
    [
      0.0003575606970116496,
      -0.0006669916911050677,
      0.00016401502944063395,
      -0.00026229978539049625,
      0.000453895831014961,
      -8.599334250902757e-05,
      3.249724977649748e-05,
      -1.255373477935791,
      0.00011547937901923433,
      -8.666198118589818e-05,
      0.00019181334937456995,
      -0.00010828844096977264,
      0.00024675787426531315,
      -0.00010905423550866544,
      -2.9463217288139276e-05,
      -7.656187517568469e-05,
      0.0005129200289957225,
      0.0002835102204699069,
      0.00040422973688691854,
      -0.0003596436290536076
    ],
    [
      0.00035681252484209836,
      -0.00010401185863884166,
      0.00012047828204231337,
      -0.0004385099746286869,
      0.0003536352887749672,
      -0.0003981386835221201,
      3.492702671792358e-05,
