{
  "sigmanet.sigma": [
    2.0
  ],
  "sigmanet.nn.0.bias": [
    -0.16234099864959717,
    -1.2778997421264648,
    -0.22195008397102356,
    -1.3740671873092651,
    -1.4334759712219238,
    -0.6866905689239502,
    -4.361410140991211,
    6.5475544929504395,
    1.0560706853866577,
    -1.440857172012329,
    0.03880628943443298,
    1.469652533531189,
    1.0125927925109863,
    0.029886344447731972,
    -0.3579631745815277,
    2.592494010925293,
    -1.4351507425308228,
    1.3511296510696411,
    0.3445960283279419,
    3.9034879207611084
  ],
  "sigmanet.nn.0.weight_orig": [
    [
      -1.259029746055603,
      -1.2587924003601074,
      -0.13334904611110687,
      0.12517350912094116
    ],
    [
      1.2586228847503662,
      1.259313941001892,
      0.08750344812870026,
      1.259570837020874
    ],
    [
      -1.2574808597564697,
      -1.2594263553619385,
      -0.10061023384332657,
      -0.34562429785728455
    ],
    [
      1.2598905563354492,
      1.2569093704223633,
      0.03374570608139038,
      1.2587867975234985
    ],
    [
      1.2590504884719849,
      1.2570286989212036,
      0.05032845959067345,
      1.2584378719329834
    ],
    [
      -1.2591736316680908,
      -1.259647250175476,
      0.09301934391260147,
      0.5667503476142883
    ],
    [
      1.2596784830093384,
      1.2599210739135742,
      0.0856432095170021,
      1.2594958543777466
    ],
    [
      -1.2585824728012085,
      1.181681752204895,
      -0.019284667447209358,
      1.2595181465148926
    ],
    [
      -1.2594088315963745,
      -1.257916808128357,
      -0.05359886959195137,
      -1.259106159210205
    ],
    [
      1.259521722793579,
      1.2591289281845093,
      0.10603863000869751,
      1.2586750984191895
    ],
    [
      1.2578805685043335,
      1.259377121925354,
      0.13500437140464783,
      0.7200774550437927
    ],
    [
      -1.2588692903518677,
      -1.2567824125289917,
      -0.04221094399690628,
      -1.2592010498046875
    ],
    [
      -1.2592509984970093,
      -1.258734941482544,
      -0.1430235505104065,
      -1.2591361999511719
    ],
    [
      1.2590028047561646,
      1.2595573663711548,
      0.17630165815353394,
      0.07317039370536804
    ],
    [
      1.2599210739135742,
      -0.292351633310318,
      -0.05331490933895111,
      1.2599210739135742
    ],
    [
      1.2597253322601318,
      0.7390913367271423,
      0.1299867331981659,
      -0.46878278255462646
    ],
    [
      1.2592300176620483,
      1.2570791244506836,
      0.09600174427032471,
      1.2594703435897827
    ],
    [
      -1.258418321609497,
      -1.258912205696106,
      -0.013789803721010685,
      -1.2589960098266602
    ],
    [
      1.258958101272583,
      1.2584598064422607,
      0.09325160831212997,
      0.12910984456539154
    ],
    [
      -1.259881615638733,
      -1.2580046653747559,
      -1.2599210739135742,
      -1.2596310377120972
    ]
  ],
  "sigmanet.nn.2.bias": [
    2.638261079788208,
    2.587671995162964,
    -2.638969659805298,
    2.6542022228240967,
    -1.091782808303833,
    1.7656478881835938,
    -2.70093035697937,
    -2.683851480484009,
    2.7261924743652344,
    2.661536931991577,
    -0.6945043206214905,
    -1.8631446361541748,
    -1.896038293838501,
    0.10619575530290604,
    2.8002097606658936,
    2.753627061843872,
    -2.6172080039978027,
    2.6437582969665527,
    -2.6716175079345703,
    -2.603679656982422
  ],
  "sigmanet.nn.2.weight_orig": [
    [
      -9.521827450953424e-06,
      6.471582310041413e-05,
      -1.364331092190696e-05,
      9.657983900979161e-05,
      1.4855758934118057e-07,
      8.94992845132947e-05,
      1.3518794048650307e-06,
      1.2588082551956177,
      -0.0001161602049251087,
      0.00011871256720041856,
      -0.00010361788008594885,
      3.6404219372343505e-07,
      -0.000111528774141334,
      -6.837578325757931e-07,
      -2.8510630727396347e-06,
      2.7922293156734668e-05,
      -7.32095431885682e-05,
      0.00016740102728363127,
      -0.00010957008635159582,
      5.202362444833852e-06
    ],
    [
      -9.202223054671776e-07,
      0.00023953778145369142,
      -1.0323605238227174e-05,
      0.0002100424753734842,
      -5.20975845574867e-06,
      0.00016864092322066426,
      -3.700034312714706e-06,
      1.2578145265579224,
      -0.00015318820078391582,
      0.0002601478190626949,
      -0.0002471191401127726,
      1.558768190079718e-07,
      -0.00022797027486376464,
      -3.224771205623256e-07,
      4.975469437340507e-06,
      2.037834929069504e-05,
      -0.00017213875253219157,
      0.00024337958893738687,
      -0.00013818629668094218,
      8.873243473317416e-08
    ],
    [
      1.2840123417845462e-05,
      -0.00028886154177598655,
      1.1665983947750647e-05,
      -0.0002505074953660369,
      2.8729839414154412e-06,
      -0.0002753696171566844,
      9.57690554059809e-06,
      -1.2572482824325562,
      0.00027217186288908124,
      -0.00022482045460492373,
      0.00028244146960787475,
      -1.1263171472819522e-05,
      0.00025067158276215196,
      4.817663466383237e-06,
      2.687743517526542e-06,
      -1.978552245418541e-05,
      0.0002920394763350487,
      -0.00021550632664002478,
      0.00024029985070228577,
      4.565373728837585e-06
    ],
    [
      -6.105395300437522e-07,
      0.00015780476678628474,
      1.262049636352458e-06,
      0.00018385180737823248,
      -2.291141754540149e-05,
      0.00023159498232416809,
      -7.99714143795427e-06,
      1.2574747800827026,
      -0.0001896995527204126,
      0.00015783036360517144,
      -0.00013920788478571922,
      -3.579253188945586e-06,
      -0.0001554228801978752,
      5.4184206419449765e-06,
      -1.1121193892904557e-05,
      7.42164411349222e-05,
      -0.0001848291140049696,
      0.00023113428323995322,
      -0.0006783317076042295,
      -9.542525731376372e-06
    ],
    [
      -0.15969862043857574,
      0.004606985952705145,
      -0.09172917902469635,
      3.416833351366222e-05,
      -0.17175695300102234,
      0.0016013275599107146,
      1.3157044122635853e-05,
      0.4621361494064331,
      -0.003739745356142521,
      0.003761054715141654,
      -0.0009325689752586186,
      0.04793455824255943,
      -0.009088058955967426,
      0.145443394780159,
      -4.8191209316428285e-06,
      8.525667908543255e-06,
      -0.0015781072434037924,
      0.0022062158677726984,
      -0.026088116690516472,
      0.1275593638420105
    ],
    [
      5.295989922160516e-07,
      4.785138298757374e-05,
      -5.618975592369679e-06,
      5.3297415433917195e-05,
      -3.0970447824074654e-06,
      3.309415842522867e-05,
      -8.929489013098646e-06,
      0.0003879215510096401,
      -3.0305009204312228e-05,
      5.7159944844897836e-05,
      -2.593687895569019e-05,
      1.0015452971856575e-05,
      -4.446064485819079e-05,
      -2.307593376826844e-06,
      4.5951314859848935e-06,
      1.259099006652832,
      -3.798895704676397e-05,
      2.6549805625109002e-05,
      -4.098397766938433e-05,
      -1.423200615136011e-06
    ],
    [
      3.8439138734247535e-06,
      -0.0004452037101145834,
      4.6048546664678724e-07,
      -0.00032705042394809425,
      5.525665073946584e-06,
      -0.00043498570448718965,
      1.799806341296062e-05,
      -1.2561694383621216,
      0.0003078265581279993,
      -0.0003358208923600614,
      0.0002907245943788439,
      1.0015801308327354e-06,
      0.0003055942361243069,
      -8.69696407335141e-07,
      8.81082087289542e-07,
      -9.676660556579009e-05,
      0.0003743780544027686,
      -0.0002949348127003759,
      0.0005018571973778307,
      5.8458563216845505e-06
    ],
    [
      7.57911777782283e-07,
      -0.00014995684614405036,
      -6.378221542036044e-07,
      -0.00014670535165350884,
      2.473437916705734e-06,
      -0.00016720748681109399,
      -6.787557822462986e-07,
      -1.2584669589996338,
      0.00015054790128488094,
