{"PreSelMomentum": [3000.0], "MomentumCuts": [6000.0, 10000.0], "FOIfactor": [1.2], "XFOIParameters1": [5.2, 3.6, 2.4, 2.4, 5.7, 4.4, 2.8, 2.3, 5.1, 3.1, 2.3, 2.1, 5.8, 3.4, 2.6, 2.8], "XFOIParameters2": [31.0, 28.0, 21.0, 17.0, 30.0, 31.0, 27.0, 22.0, 28.0, 33.0, 35.0, 47.0, 31.0, 39.0, 56.0, 151.0], "XFOIParameters3": [0.06, 0.08, 0.10, 0.15, 0.04, 0.06, 0.09, 0.12, 0.08, 0.15, 0.23, 0.36, 0.07, 0.14, 0.24, 0.49], "YFOIParameters1": [3.3, 2.1, 1.7, 1.6, 3.6, 2.8, 1.9, 1.8, 4.4, 3.3, 2.2, 2.2, 4.8, 3.9, 2.6, 2.3], "YFOIParameters2": [17.0, 15.0, 9.0, 5.0, 26.0, 25.0, 16.0, 15.0, 30.0, 49.0, 57.0, 92.0, 32.0, 55.0, 96.0, 166.0], "YFOIParameters3": [0.13, 0.19, 0.19, 0.24, 0.11, 0.19, 0.21, 0.32, 0.10, 0.22, 0.30, 0.52, 0.08, 0.20, 0.34, 0.52], "DLLsig1": [-0.321449, -0.321449, -0.743776, -0.384582, -0.44616, -0.0557431, -0.00746052, -0.0225368, 0.0318035, 0.0574387, 0.0234926, 0.0257811, 0.00173969, 0.00748104, 0.00368332, 0.00126212, -0.000144368, 0.0014233, 0.0016228, -0.00101924, -0.000201312, 0.000606676, 0.000894732, -0.00165643, 0.00176033, -0.00109286, 0.000733617, -0.000792504, 0.00132661, -0.000997321, 0.000190509, 0.000111173, 0.000252783, -0.000195264, -0.000187185, 0.000414694, -0.000557088, 1.65893e-06, -1.30776e-05, 2.31237e-05, -4.47588e-06, -6.90868e-06, 1.63642e-05, -7.9042e-06, -2.4818e-06, 9.37926e-06, -8.94289e-06, -6.64435e-07, 6.35112e-06, 2.26866e-06, -3.73862e-06, 1.15591e-06, -7.74288e-07, -8.82897e-07, 6.86202e-07, -5.79457e-08, 2.71659e-06, 1.48961e-06, -1.2517e-05, 2.01653e-05, -2.10179e-05, 1.97711e-05, -1.32737e-05, 2.48341e-06, 2.8092e-06, -7.42282e-06, 1.60174e-05, -1.78839e-05, 7.94961e-06, 8.6066e-06, -1.76939e-05, 1.46759e-05, -1.01045e-05, 1.18343e-05, -1.29815e-05, 6.08335e-06, 2.55766e-06, -6.68811e-06, 4.3586e-06, 1.17128e-06, -1.655e-06, -1.23178e-06, 4.37601e-07, 5.82887e-06, -8.28279e-06, 3.02041e-06, 4.28735e-07, -9.31661e-07, 3.26241e-07, 6.11529e-07, 1.51536e-06, -2.59827e-06, 1.65801e-06, -1.18397e-06, -2.61586e-06, 4.72791e-06, -1.65271e-07, -1.96149e-06, -3.10428e-07, 2.8237e-07, 2.8237e-07], "DLLsig2": [0.883451, 0.767729, 0.652008, 0.384248, 0.245799, -0.0754365, -0.135639, -0.143696, -0.168036, -0.133688, -0.0716546, -0.0462826, -0.018439, -0.0165601, -0.00848062, -0.00450264, -0.00313955, -0.00329547, -0.0017583, -5.67612e-06, -0.00110646, -0.00132388, -0.000668665, 0.000297645, -0.00149129, 0.000409866, -0.000770424, 2.1882e-05, -0.000834022, 0.000598714, -0.000478393, -0.000272643, -0.000152576, 0.00012043, -9.04551e-05, -0.000292615, 0.000155254, -4.52977e-05, -3.93255e-05, -8.6405e-05, -3.15979e-06, -1.9273e-05, -4.41442e-05, 1.47671e-05, -1.36881e-05, -2.26225e-05, 1.11428e-05, -2.10516e-05, -2.34436e-05, -5.79537e-07, 7.58763e-06, -5.87139e-06, -1.7101e-06, -4.49753e-06, -7.67596e-06, -5.20563e-06, -5.41424e-06, 4.3655e-06, 9.7281e-06, -3.53331e-05, 3.72618e-05, -3.84025e-05, 3.27733e-05, -1.50119e-05, -6.07158e-06, 4.04154e-06, -2.26806e-05, 3.49821e-05, -2.93998e-05, -7.81167e-07, 3.02026e-05, -3.34955e-05, 1.93376e-05, -1.70384e-05, 2.5565e-05, -2.11684e-05, 7.31623e-07, 9.93921e-06, -1.4138e-05, 1.55297e-06, 5.76959e-06, -1.88422e-07, -4.62285e-06, -3.04748e-06, 1.79364e-05, -1.18816e-05, -1.00809e-06, 5.35353e-07, -2.81863e-06, -1.64416e-06, 5.57346e-07, 6.01265e-06, -3.34114e-06, 2.62771e-06, -1.63458e-06, -1.10517e-05, 5.96879e-06, 5.37382e-06, -1.68756e-06, -2.8051e-06, -1.78857e-06], "DLLsig3": [-0.0334219, 0.16472, 0.335088, 0.459439, 0.535045, 0.575932, 0.499944, 0.399384, 0.28716, 0.178539, 0.104616, 0.0621582, 0.0388584, 0.0262587, 0.0172441, 0.0125701, 0.00981891, 0.0075023, 0.00568295, 0.00504792, 0.00464755, 0.00377263, 0.00305531, 0.00292174, 0.00249203, 0.00210272, 0.00197291, 0.00170344, 0.00141107, 0.00132636, 0.00136967, 0.0010993, 0.000946222, 0.000934649, 0.00094544, 0.000807535, 0.000758085, 0.00077128, 0.000669732, 0.000518855, 0.000411378, 0.000384458, 0.000308358, 0.000273105, 0.0002744, 0.000230827, 0.000217052, 0.000205161, 0.000151767, 0.000122939, 0.000131349, 0.000133408, 0.00012431, 0.000116861, 0.000102253, 8.67951e-05, 7.40513e-05, 7.27928e-05, 8.97051e-05, 5.89791e-05, 6.12936e-05, 5.99248e-05, 5.31697e-05, 7.44835e-05, 4.91834e-05, 4.67473e-05, 2.43804e-05, 3.91423e-05, 4.58411e-05, 9.62403e-06, 4.49297e-05, 4.09783e-05, 2.39889e-05, 2.67479e-05, 3.69798e-05, 4.22556e-05, 1.77315e-05, 3.05365e-05, 2.5498e-05, 1.03959e-05, 1.9183e-05, 2.58804e-05, 2.01069e-05, 1.09025e-05, 2.87692e-05, 3.60351e-05, 2.05674e-05, 2.00002e-05, 1.72602e-05, 1.19049e-05, 1.06007e-05, 1.84847e-05, 2.16905e-05, 2.08344e-05, 2.20261e-05, 6.80261e-06, 7.03124e-07, 1.43143e-05, 1.87378e-05, 1.33466e-05, 7.83415e-06], "DLLsig4": [0, 0.00815561, 0.0384218, 0.0867361, 0.146737, 0.283138, 0.478096, 0.64015, 0.764253, 0.847337, 0.896965, 0.926436, 0.944018, 0.955698, 0.963354, 0.968635, 0.972635, 0.975757, 0.978097, 0.979991, 0.981759, 0.98328, 0.984495, 0.98555, 0.986563, 0.987349, 0.988108, 0.988753, 0.989332, 0.989793, 0.990302, 0.990742, 0.991108, 0.99144, 0.991783, 0.992103, 0.992375, 0.992467, 0.993331, 0.994055, 0.994593, 0.995075, 0.995496, 0.995831, 0.996166, 0.996472, 0.996732, 0.996993, 0.997208, 0.997367, 0.997518, 0.99768, 0.997834, 0.997979, 0.998111, 0.998224, 0.998321, 0.998406, 0.998503, 0.998603, 0.998657, 0.998748, 0.998799, 0.998887, 0.998959, 0.999014, 0.999063, 0.999088, 0.999154, 0.999181, 0.999206, 0.999273, 0.999299, 0.999338, 0.999366, 0.999425, 0.999456, 0.999482, 0.999522, 0.99954, 0.999556, 0.999585, 0.999613, 0.999632, 0.99965, 0.999696, 0.999728, 0.999752, 0.999775, 0.999792, 0.999805, 0.999821, 0.999848, 0.999872, 0.999898, 0.999918, 0.999918, 0.999928, 0.999949, 0.999969, 0.999981], "DLLsig5": [-0.06, 0.06, 0.18, 0.3, 0.42, 0.66, 1.02, 1.38, 1.74, 2.1, 2.46, 2.82, 3.18, 3.54, 3.9, 4.26, 4.62, 4.98, 5.34, 5.7, 6.06, 6.42, 6.78, 7.14, 7.5, 7.86, 8.22, 8.58, 8.94, 9.3, 9.66, 10.02, 10.38, 10.74, 11.1, 11.46, 11.82, 11.94, 13.14, 14.34, 15.54, 16.74, 17.94, 19.14, 20.34, 21.54, 22.74, 23.94, 25.14, 26.34, 27.54, 28.74, 29.94, 31.14, 32.34, 33.54, 34.74, 35.94, 37.14, 38.34, 39.54, 40.74, 41.94, 43.14, 44.34, 45.54, 46.74, 47.94, 49.14, 50.34, 51.54, 52.74, 53.94, 55.14, 56.34, 57.54, 58.74, 59.94, 61.14, 62.34, 63.54, 64.74, 65.94, 67.14, 68.34, 69.54, 70.74, 71.94, 73.14, 74.34, 75.54, 76.74, 77.94, 79.14, 80.34, 81.54, 82.74, 83.94, 85.14, 86.34, 87.54, 88.74], "DLLbkg1": [-0.00812901, -0.00812901, 0.0534061, -0.0861102, 0.0216466, -0.00782003, 0.00671086, -0.00769526, 0.000956515, 0.00187726, -0.00560186, 0.00300039, -0.00260494, 0.00188383, -0.00298941, 0.000398047, 0.00101018, -0.00347649, 0.00548836, -0.00531675, 0.000846593, 9.01035e-05, 0.00249334, -0.00399611, 0.00425368, -0.00416066, 0.00393456, -0.00194039, 0.000354207, 8.60176e-05, 0.00161556, -0.00272275, 0.00266057, -0.00193107, 0.00175441, -0.00145689, 0.00393085, -0.000129109, 0.000111292, -4.46889e-06, 5.81214e-05, 6.25339e-05, -0.000108465, 0.000125716, -0.000112078, 0.000134018, -0.000150303, 0.000108711, -9.45305e-07, -2.55217e-05, 2.20889e-05, -1.10806e-05, -4.08724e-06, -4.08782e-05, 9.75626e-05, -0.000153721, 0.000194465, -0.000137705, 8.8309e-05, -0.00012508, 0.000146528, -4.76334e-05, -0.000111165, 0.000162142, -0.000129496, 0.000113842, -0.000102716, 0.000101314, -8.14214e-05, 4.60434e-05, -4.7447e-05, 5.96581e-05, -2.84242e-05, 1.62163e-05, -2.40814e-05, -2.70267e-05, 4.20566e-05, 6.58211e-06, 1.61731e-05, -6.31367e-05, 5.12766e-05, -1.9008e-05, 6.88015e-06, 7.71019e-06, -5.68581e-05, 8.8406e-05, -6.22249e-05, 2.62689e-05, -1.39389e-05, 1.86854e-05, -3.22297e-05, 2.10682e-05, 3.04285e-05, -6.11454e-05, 4.55384e-05, -2.01199e-05, 4.70766e-06, -3.22842e-06, 1.10082e-05, 1.45713e-06, -2.254e-05, 3.3832e-05, -1.53931e-05, -2.1173e-05, 2.34114e-05, 1.23551e-05, -5.04473e-05, 5.70973e-05, -1.87936e-05, -9.10082e-06],