{"metadata": {"version": 1, "features": ["TrackChi2PerDoF", "TrackGhostProb", "RichDLLe", "RichDLLmu", "RichDLLk", "RichDLLp", "RichDLLbt", "usedRich1Gas", "usedRich2Gas", "EcalPIDe", "InHcal", "HcalEoP", "InMuon", "IsMuon", "LogMuonChi2"]}, "_stack.Linear_0.weight": [[-0.4646781086921692, 0.5865565538406372, 0.47081783413887024, -0.03621608018875122, -0.007772971875965595, -0.003432170022279024, 0.04643562063574791, 0.899655282497406, -0.28673216700553894, 0.2911638021469116, 0.46791666746139526, 0.018066026270389557, 0.24216528236865997, 0.08596448600292206, -0.18196438252925873], [-0.042975880205631256, -7.119933128356934, -0.02048673667013645, 0.007826587185263634, -8.330522541655228e-05, 0.01473393477499485, -0.017249872907996178, -0.01702229306101799, 0.29285362362861633, 0.00555591844022274, -0.1123659610748291, 0.0440281480550766, -0.0033122804015874863, 0.07798265665769577, 0.03151128068566322], [-0.39363640546798706, -5.391987323760986, -0.05820770189166069, -0.027602020651102066, -0.04090086743235588, -0.07511577755212784, 0.12082846462726593, 0.3516450822353363, -0.22156763076782227, -0.027725910767912865, 0.20362578332424164, 0.05325844883918762, 0.052548620849847794, 0.06724830716848373, -0.018548941239714622], [-0.13718527555465698, -2.4530928134918213, -0.15431684255599976, -0.24495567381381989, 0.18579119443893433, 0.15206798911094666, -0.10803927481174469, 0.06799088418483734, 0.409650057554245, 0.04315118491649628, -0.0682251900434494, 0.09246331453323364, -0.05819472670555115, -0.10125748068094254, -0.09546738117933273], [0.12427306175231934, -1.6642429828643799, -0.3629240393638611, -0.03586698696017265, 0.049893561750650406, 0.04257217422127724, -0.03305129334330559, 0.33959847688674927, 0.6723974347114563, -0.051920946687459946, 0.387249618768692, -0.03180009499192238, 0.6539580821990967, -0.07404220104217529, -0.36870527267456055], [-0.7634721398353577, -2.060715675354004, -0.00011488364543765783, 0.002428472740575671, 0.011797144077718258, 0.09757273644208908, -0.12848928570747375, 0.01400849036872387, -0.11945880204439163, -0.024955887347459793, -0.11371772736310959, -0.009699933230876923, -0.07692435383796692, -0.016168441623449326, 0.3466155529022217], [0.16203325986862183, -1.1916981935501099, 0.1531999111175537, -0.4669230282306671, 0.009889723733067513, 0.1410205066204071, 0.03310943767428398, -0.4709673821926117, -0.3543998599052429, 0.01703524962067604, 0.1578049510717392, -0.254872590303421, 0.0968153327703476, -0.40040475130081177, 0.13890573382377625], [-0.23271022737026215, -1.775104284286499, 0.21875880658626556, -0.21823926270008087, 0.0821509137749672, -0.07428164780139923, -0.010674003511667252, -0.1800866574048996, -0.11395486444234848, 0.013822927139699459, 0.08654326945543289, 0.010242806747555733, 0.38032442331314087, -0.06793636828660965, 0.3647013306617737], [0.37901055812835693, 2.18680477142334, 0.02022848278284073, -0.3134215176105499, 0.07016634196043015, 0.20989727973937988, 0.0919562354683876, 0.2068629413843155, 0.27941662073135376, -0.10093369334936142, 0.421522319316864, 0.27867332100868225, -0.14898799359798431, 0.07847971469163895, 0.22165989875793457], [-0.37211376428604126, 2.1798269748687744, -0.38474130630493164, -0.38340863585472107, -0.00412781024351716, -0.1192394569516182, 0.14866195619106293, 0.19241632521152496, 0.26100870966911316, -0.2020784467458725, -0.3875751793384552, -0.04113340005278587, -0.07406967878341675, -0.0259694866836071, 0.05909775570034981], [0.25569477677345276, 2.532383441925049, 0.15779118239879608, -0.1698070615530014, 0.03740702569484711, 0.09186301380395889, -0.16459479928016663, 0.27716973423957825, 0.06324854493141174, 0.047329023480415344, 0.017034241929650307, -0.02676611952483654, 0.2886146008968353, 0.24753940105438232, 0.35729506611824036], [0.18031884729862213, -1.416610836982727, 0.011228236369788647, -0.0961800292134285, 0.2588542401790619, -0.22078008949756622, -0.029748430475592613, -0.050216708332300186, 0.1431524008512497, -0.06276451796293259, 0.20964334905147552, 0.07138797640800476, 0.12950390577316284, 0.020825441926717758, 0.06658220291137695], [0.28550100326538086, -1.657161831855774, -0.12923011183738708, 0.05888844281435013, 0.13536974787712097, -0.06278959661722183, -0.1665642410516739, -0.38885846734046936, 0.2795298099517822, -0.09954451024532318, -0.04489795118570328, 0.0776682198047638, 0.16412295401096344, 0.22082805633544922, 0.09690725803375244], [-0.007779867388308048, 2.1732490062713623, -0.018725868314504623, -0.1085447445511818, 0.16948164999485016, -0.12028062343597412, -0.015112100169062614, 0.13036206364631653, 0.41118475794792175, -0.026856599375605583, 0.4108932614326477, -0.15573351085186005, 0.23239821195602417, 0.13208317756652832, 0.22140845656394958], [0.18528766930103302, 2.0286736488342285, -0.059630997478961945, 0.04288806393742561, 0.16783401370048523, -0.1489916294813156, -0.06742068380117416, 0.1838986575603485, 0.1096828356385231, 0.06116689741611481, 0.28578442335128784, 0.22308845818042755, 0.09583981335163116, 0.044373683631420135, 0.20790013670921326], [-0.23168832063674927, -2.0582022666931152, -0.07925095409154892, 0.048787545412778854, 0.01085144653916359, 0.014022218994796276, -0.026830455288290977, 0.04112376645207405, 0.04847978055477142, -0.251614511013031, -0.07350821048021317, -0.11056716740131378, 0.42090368270874023, 0.21362893283367157, 0.28835368156433105], [0.08972829580307007, -3.1085872650146484, -0.09505792707204819, 0.03631507605314255, -0.10407069325447083, 0.04554588720202446, -6.713880429742858e-05, 0.2997213304042816, 0.3270033895969391, 0.021453041583299637, -0.0853138417005539, 0.09650638699531555, 0.10180207341909409, -0.06722573190927505, -0.05753418058156967], [-0.16314853727817535, 1.7017048597335815, 0.35048413276672363, 0.16864240169525146, -0.22272105515003204, -0.19407834112644196, 0.13922613859176636, -0.6711475253105164, 0.8223888874053955, 0.1496737003326416, 0.2598864734172821, 0.033730700612068176, 0.5591660141944885, -0.13822785019874573, -0.09116940200328827], [-0.31193384528160095, 2.1594254970550537, -0.3298672139644623, 0.1928982436656952, -0.18668605387210846, -0.14186102151870728, 0.14019149541854858, -0.020928021520376205, -0.02848462201654911, -0.31605109572410583, -0.04497675970196724, 0.3396298289299011, 0.35687533020973206, -0.17714285850524902, 0.15158039331436157], [0.08992261439561844, -1.3727439641952515, -0.31990882754325867, -0.03627033531665802, -0.14405374228954315, -0.16772128641605377, -0.1398461014032364, -0.007934832014143467, -0.26301446557044983, 0.1218465268611908, -0.17149017751216888, -0.018603146076202393, -0.27223968505859375, -0.033308591693639755, -0.2575869858264923], [-0.22415781021118164, -0.39282459020614624, -0.46037256717681885, -0.029414860531687737, -0.09484738856554031, -0.12243087589740753, -0.12120664119720459, 0.35995736718177795, -0.4788658022880554, -0.11511839181184769, -0.25336599349975586, 0.21300436556339264, 0.20657090842723846, -0.039606690406799316, 0.32984304428100586], [-0.04822451248764992, 1.2967798709869385, 0.2109239250421524, -0.07243054360151291, -0.07085946202278137, -0.18124905228614807, 0.262175589799881, -0.3289133608341217, 0.02793012373149395, 0.12645277380943298, 0.2993786036968231, 0.31594106554985046, 0.4270876944065094, 0.2599228322505951, -0.41718053817749023], [0.2675934433937073, 0.2675172984600067, -0.23524919152259827, -0.049500592052936554, -0.1056150272488594, 0.040978074073791504, -0.07441607117652893, 0.5810916423797607, -0.1476522833108902, -0.13555632531642914, -0.16803710162639618, -0.05093205347657204, 0.325835645198822, 0.45883864164352417, -0.050562698394060135], [0.17529244720935822, -1.7034032344818115, 0.02218794822692871, 0.29230934381484985, 0.0331207737326622, -0.14134371280670166, 0.08517887443304062, -0.433620423078537, 0.14353516697883606, -0.1520722210407257, 0.4413243234157562, -0.06654665619134903, 0.21482472121715546, 0.2207309752702713, 0.02814403735101223], 