{"metadata": {"version": 1, "features": ["TrackChi2PerDoF", "TrackGhostProb", "RichDLLe", "RichDLLmu", "RichDLLk", "RichDLLp", "usedRich1Gas", "usedRich2Gas", "EcalPIDe", "InHcal", "HcalEoP", "InMuon", "IsMuon", "LogMuonChi2"]}, "_stack.Linear_0.weight": [[0.2950904071331024, -1.1867215633392334, -0.1898428201675415, -0.14518770575523376, 0.4338780641555786, -0.019728077575564384, -0.4671578109264374, 0.605904221534729, -0.14447888731956482, -0.27252963185310364, 0.47157663106918335, 0.04370229318737984, 0.4054018259048462, 0.2481684386730194], [-0.6383689641952515, -9.224757194519043, -0.2711333632469177, -0.04367734491825104, 0.0014249797677621245, 0.06948412209749222, -0.1502750962972641, -1.1468303203582764, 0.05852670595049858, 0.09322138130664825, -0.14131800830364227, -0.1912088841199875, -0.012194865383207798, 0.013804404996335506], [0.015453596599400043, 1.2482270002365112, 0.6630613207817078, -0.09926152229309082, -0.02570679783821106, -0.017940308898687363, 0.10169629752635956, -0.1348043531179428, -0.35950329899787903, -0.6989818811416626, 0.40732190012931824, 0.14978563785552979, -5.438606262207031, -0.04752704128623009], [-0.09992678463459015, 0.6542567610740662, -0.10653147846460342, 0.280831515789032, -0.15850849449634552, 0.24173857271671295, -0.08738912642002106, 0.17120201885700226, -0.2738568186759949, 0.8914351463317871, 0.056967005133628845, 0.1887761652469635, 1.2582851648330688, 0.35334858298301697], [-0.16220147907733917, -1.6843153238296509, 0.3380417227745056, 0.11021833121776581, -0.22986914217472076, 0.2425077110528946, 0.43435582518577576, -0.165286585688591, -0.03980551287531853, 0.9147469401359558, 0.13100363314151764, -0.1620761603116989, -1.0126489400863647, -0.15880362689495087], [0.5659800171852112, -3.16548228263855, 0.9883604049682617, -0.38406670093536377, -0.07556221634149551, 0.123094841837883, 0.24676477909088135, 0.41152477264404297, 0.11329776048660278, 0.0038862493820488453, -0.559833288192749, 0.6788278818130493, -0.34809061884880066, 0.12908266484737396], [-0.4983098804950714, 0.8825434446334839, 0.21273931860923767, -0.8779382109642029, 0.1464463323354721, -0.13807758688926697, -0.39130234718322754, -0.4945300221443176, -0.025368832051753998, 0.17541693150997162, -0.4067944288253784, 0.33928120136260986, -0.20043595135211945, 0.15652026236057281], [-0.06739535927772522, -18.78885841369629, -0.0016442780615761876, 0.0009960804600268602, 0.006927215028554201, -0.0054437448270618916, 0.1269751340150833, -0.028354743495583534, 0.006412857677787542, 0.1032378077507019, -0.03235173597931862, 0.0995013415813446, 0.276631236076355, -0.02510104328393936], [0.04964584484696388, -0.24902893602848053, -0.007128919009119272, 0.04021618887782097, 0.011039230972528458, 0.13441339135169983, 0.5245714783668518, 0.6061785221099854, 0.24450995028018951, 0.43145525455474854, -0.15713216364383698, 0.35822007060050964, -1.0300967693328857, -0.395391047000885], [-0.15169595181941986, -3.179244041442871, -0.535538375377655, 0.19549071788787842, 0.02863161452114582, -0.0700327679514885, 0.8970823287963867, 0.9966669678688049, -0.4896183907985687, -0.2746540904045105, 0.17208519577980042, -0.37264811992645264, -0.08417926728725433, -0.39415132999420166], [-0.006757491268217564, -0.010618235915899277, -0.1042727380990982, 0.06298645585775375, -0.10349816828966141, -0.001031098305247724, -0.9277380108833313, -0.30073511600494385, 0.04997406154870987, -0.9045147895812988, -0.1998184621334076, -0.19865620136260986, 0.33354616165161133, 0.42976126074790955], [0.10659658908843994, 2.934983015060425, 0.21846476197242737, -0.13113021850585938, 0.32466378808021545, 0.08917286992073059, -0.9644821286201477, -0.9885900616645813, 0.06852877885103226, 0.913692831993103, 0.17970559000968933, 0.3265244662761688, 0.6834139823913574, 0.06268250197172165], [-0.04174213483929634, -5.689858913421631, -0.14894334971904755, 0.03827514126896858, 0.16993215680122375, -0.04475283995270729, 0.3355139493942261, -0.4108467996120453, -0.29618164896965027, -0.10719906538724899, 0.2508276402950287, -0.3551082909107208, 0.06690353900194168, 0.1475706398487091], [-0.023640532046556473, 0.611383318901062, -0.9552080035209656, -0.3514932096004486, -0.10846873372793198, 0.009488760493695736, 0.5706770420074463, 0.38468143343925476, -0.0063200839795172215, -0.015189601108431816, 0.3248995840549469, 0.10944066941738129, 0.32334017753601074, -0.039777010679244995], [-0.05771476775407791, -1.2345021963119507, 0.12098851799964905, -0.22660450637340546, 0.1207844689488411, 0.13031376898288727, -0.37011823058128357, 0.7280808687210083, -0.05586723983287811, -0.6574970483779907, 0.34307995438575745, 0.39831623435020447, 0.0815339982509613, 0.2827686369419098], [-0.11398191750049591, -0.45680731534957886, -0.28850653767585754, -0.2636570632457733, -0.012341382913291454, 0.015390107408165932, -0.013021511025726795, 0.186368927359581, -0.18675285577774048, -0.24982643127441406, -0.16218651831150055, 0.4437342882156372, -0.35701218247413635, 0.4773028790950775], [-0.7175279855728149, -8.56174373626709, -0.13378819823265076, 0.19814296066761017, 0.0636051669716835, -0.026622120290994644, -0.22881631553173065, 0.17413444817066193, -0.24724255502223969, -0.5054731369018555, 0.3646136522293091, 0.1941443383693695, -0.07353556156158447, 0.3248392641544342], [0.45862123370170593, 0.9328306317329407, -0.40716955065727234, 0.040184129029512405, -0.04204043745994568, 0.05987701565027237, 0.29030337929725647, 0.3816376328468323, -0.2364545613527298, 0.5555795431137085, 0.08853798359632492, 0.6263120770454407, 0.7521092295646667, 0.3482588231563568], [-0.5562337636947632, -4.347989082336426, -0.15034219622612, 0.7453732490539551, -0.025587961077690125, 0.027549082413315773, 0.4463452100753784, -0.26631978154182434, 0.16484187543392181, -0.04151882231235504, -0.08597669005393982, -1.5360182523727417, -0.040508583188056946, -0.17189788818359375], [0.5778040289878845, 1.0149897336959839, 0.8160319328308105, -0.1208668127655983, -0.25740131735801697, 0.09102247655391693, 0.45427069067955017, 0.7540661692619324, 0.11567437648773193, 0.5852201581001282, 0.24069571495056152, 0.09449747949838638, -0.3130616545677185, 0.1021333783864975], [0.2180134505033493, 0.626270592212677, 0.5032007098197937, -0.117219477891922, 0.047396183013916016, -0.11620724946260452, 0.24594619870185852, 0.4624231159687042, 0.7638792991638184, 0.12016379088163376, -0.4191187024116516, -0.6089732646942139, 0.4487006366252899, 0.10059822350740433], [0.028770938515663147, -2.9581778049468994, 0.13669049739837646, -0.06529352813959122, -0.08159876614809036, -0.049055445939302444, 0.5872459411621094, 0.5364968776702881, 0.0706842765212059, -0.6069106459617615, -0.06374631822109222, 0.21985840797424316, -0.2947383224964142, -0.0242309533059597], [-0.30266010761260986, -2.6039416790008545, 0.634878396987915, -0.1510329246520996, -0.03137301653623581, 0.04024145379662514, 0.5613797903060913, 0.36382848024368286, 0.18840281665325165, 1.103898048400879, 1.1836618185043335, 1.1917446851730347, 0.650018036365509, 0.07242317497730255], [0.003414297476410866, -0.3842793405056, 0.41361987590789795, 0.15414658188819885, 0.2087419331073761, -0.2350439876317978, 0.7624050378799438, 1.1842073202133179, 0.18832412362098694, 0.11201679706573486, 0.2716597020626068, -0.36014285683631897, 0.1414054036140442, 0.061081163585186005], [-0.6399601101875305, -0.8995547294616699, 1.0054237842559814, 0.009701176546514034, -0.21412618458271027, -0.03056676685810089, 0.261932373046875, 0.5165767669677734, 0.014874614775180817, 0.9563809633255005, -2.1390421390533447, 0.044452257454395294, 1.0734610557556152, -0.7256059646606445], [-0.01689080521464348, -3.528195381164551, -0.36187416315078735, 0.18612177670001984, -0.031657956540584564, -0.19421619176864624, 0.094086654484272, -0.5854265689849854, 0.35972386598587036, -0.9008749723434448, 0.46477454900741577, -0.14408312737941742, 0.9184568524360657, -0.09740949422121048], [-0.2757584750652313, 