{"metadata": {"version": 1, "features": ["TrackChi2PerDoF", "TrackGhostProb", "RichDLLe", "RichDLLmu", "RichDLLk", "RichDLLp", "usedRich1Gas", "usedRich2Gas", "EcalPIDe", "InHcal", "HcalEoP", "InMuon", "IsMuon", "LogMuonChi2"]}, "_stack.Linear_0.weight": [[-2.1263134479522705, 0.6215481758117676, 0.21854491531848907, 0.08597967773675919, 0.1602899134159088, 0.20360171794891357, -0.039901189506053925, -0.2763475179672241, -0.1314842402935028, -0.16170568764209747, 0.1540655493736267, 0.08333504945039749, -0.134356290102005, 0.22918488085269928], [0.10423355549573898, 0.8820940852165222, -0.016120081767439842, 0.07053273171186447, 0.19412636756896973, -0.025476627051830292, 0.62385493516922, -0.0035072730388492346, 0.2473670244216919, 0.3401806652545929, -0.1419447362422943, 0.13479724526405334, 0.3158279061317444, -0.1618192195892334], [0.23564255237579346, -0.9563392400741577, 1.174679160118103, -0.2697679102420807, 0.12861573696136475, -0.19943742454051971, 0.48313620686531067, 0.45483389496803284, 0.42847687005996704, 0.06592483073472977, -0.9899520874023438, -0.013888319954276085, 0.6926276683807373, -0.17674455046653748], [0.5499356389045715, 1.0194118022918701, -0.1625642627477646, 0.10935219377279282, -0.25912395119667053, 0.2229229360818863, -0.007306583225727081, 0.10038268566131592, 0.030698221176862717, 0.23156589269638062, 0.09588208049535751, -0.1564836949110031, -0.891469419002533, -0.10547815263271332], [0.5872913002967834, 0.23403067886829376, 0.3260634243488312, -0.27326008677482605, 0.06006485968828201, -0.16621729731559753, 0.4945652484893799, -0.7283045649528503, -0.2859906256198883, 0.7919667959213257, 0.10765059292316437, 0.4888206720352173, 0.24373385310173035, 0.07277657091617584], [-0.03840114548802376, -2.769526958465576, 0.034473877400159836, -0.1317046880722046, -0.10218880325555801, 0.19146111607551575, -0.7234621644020081, -0.2849143445491791, 0.0752607136964798, -0.1673443615436554, 0.007390968035906553, 0.049108296632766724, 0.3992686867713928, 0.09457386285066605], [-0.7165552377700806, 0.8638193011283875, -0.1043795794248581, -0.2047041654586792, -0.10731677711009979, 0.09827787429094315, 0.1203383207321167, -0.20299191772937775, -0.1841445118188858, 0.5126885771751404, 0.20668670535087585, 0.4456075131893158, -0.24097439646720886, 0.13256056606769562], [0.8266007900238037, -1.034720540046692, 0.11250545084476471, -0.012723585590720177, 0.27076438069343567, 0.0009669088758528233, 0.0509464368224144, 0.2083275020122528, -0.07832695543766022, -0.047200243920087814, 0.28169897198677063, 0.044074855744838715, -0.044367242604494095, 0.2683565318584442], [0.36083289980888367, -0.3327004611492157, 0.2793961465358734, -0.037361014634370804, -0.09612344950437546, -0.05937900394201279, -0.09255501627922058, 0.33985450863838196, 0.11667273193597794, -0.021673530340194702, 0.3804367184638977, 0.3309827744960785, 0.7366785407066345, 0.46208909153938293], [0.1762680560350418, -0.40381085872650146, -0.2755816578865051, 0.44016969203948975, 0.04681125283241272, -0.06400614231824875, -0.18786141276359558, 0.3411174416542053, -0.2455940544605255, -0.6005063056945801, 0.378587931394577, -0.28133976459503174, 0.1074611097574234, -0.2672843337059021], [0.6180752515792847, 0.5424613356590271, -0.09408590942621231, -0.1929766684770584, -0.09095308929681778, -0.13693036139011383, -0.17222699522972107, 0.05189977213740349, -0.07754500955343246, 0.22738586366176605, 0.2236376404762268, 0.15535449981689453, 0.07293475419282913, 0.36349111795425415], [0.02490970864892006, -1.0319759845733643, 0.10986130684614182, 0.01865256577730179, 0.17564216256141663, 0.0007352085667662323, 0.08466541022062302, 0.5510758757591248, -0.1063578799366951, -0.1622357815504074, 0.010883521288633347, 0.36852702498435974, 0.342711865901947, 0.1892620474100113], [-0.09532275050878525, -6.763711452484131, -0.19341880083084106, 0.0039601982571184635, 0.2245195358991623, -0.17260897159576416, -0.19279520213603973, -0.8024250864982605, -0.04034261032938957, -0.004536595195531845, -0.0730116069316864, 0.22831317782402039, -0.2755301296710968, -0.08737392723560333], [-0.14102858304977417, -1.085080862045288, 0.0037730117328464985, -0.12497936189174652, 0.16521336138248444, 0.018028298392891884, -0.08062957227230072, -0.1298581063747406, -0.168888121843338, 0.06017884612083435, 0.18303948640823364, -0.07271187007427216, 0.008069460280239582, -0.037721797823905945], [-0.21717126667499542, 0.514708399772644, -0.27601584792137146, -0.025373145937919617, -0.07673871517181396, 0.10688929259777069, 0.15622498095035553, 0.18864938616752625, -0.09068576246500015, 0.41652533411979675, -0.12271330505609512, 0.5111929178237915, 0.4683440923690796, 0.12914380431175232], [-0.0168678667396307, 0.9276265501976013, -0.2722293734550476, 0.1003066822886467, -0.09867304563522339, -0.21853835880756378, 0.08643578737974167, 0.07889092713594437, -0.23220042884349823, -0.03568492829799652, 0.358368456363678, -0.47340166568756104, 0.09377001971006393, 0.2959446609020233], [1.7971994876861572, -0.32749471068382263, 0.10493859648704529, 0.025560231879353523, 0.2586035132408142, -0.10898508131504059, 0.19451606273651123, 0.12827695906162262, -0.16058595478534698, 0.11876266449689865, 0.13619348406791687, 0.012069382704794407, -0.06604494899511337, 0.0733998715877533], [-0.6970924735069275, 0.3917970061302185, 0.04316506162285805, 0.11014794558286667, 0.24656586349010468, 0.14989446103572845, 0.33488038182258606, -0.07521425932645798, 0.2539696991443634, -0.47239065170288086, -0.1674395352602005, -0.3292850852012634, -0.582697331905365, -0.21086642146110535], [0.2999066114425659, -0.11140073090791702, 1.4929221868515015, 0.3103279769420624, -0.11850746721029282, -0.040941271930933, 0.4971579909324646, 0.1114514023065567, 0.3466571867465973, 0.22481778264045715, -0.22317300736904144, 0.43350523710250854, 0.33540627360343933, -0.1092691719532013], [0.046336088329553604, 0.4063107669353485, 0.06541965156793594, -0.08245144784450531, -0.29795029759407043, -0.1639837622642517, 0.5516670942306519, 0.050753187388181686, -0.19784623384475708, 0.3124310374259949, -0.07172548025846481, 0.3823738992214203, -0.5022509694099426, 0.11461338400840759], [-0.07316740602254868, -0.924629271030426, 0.8024078011512756, 0.0701768696308136, 0.23037558794021606, -0.32280829548835754, 0.7679232358932495, 0.763578474521637, 0.050921231508255005, -0.42328622937202454, 0.15507559478282928, 0.019941825419664383, -0.08159743249416351, 0.0637265220284462]], "_stack.Linear_0.bias": [0.26139092445373535, 0.2511579096317291, 0.33551666140556335, -0.3709861636161804, 0.30405259132385254, 0.030148282647132874, 0.05457121878862381, 0.19287468492984772, 0.5338538289070129, 0.4158579707145691, 0.5939527153968811, -0.18048609793186188, 0.3375208377838135, 0.038823604583740234, 0.13165971636772156, 0.03647208586335182, 0.019313717260956764, -0.19227878749370575, 0.2224198430776596, -0.07635728269815445, -0.14550887048244476],