{"metadata": {"version": 1, "features": ["TrackChi2PerDoF", "TrackGhostProb", "RichDLLe", "RichDLLmu", "RichDLLk", "RichDLLp", "usedRich1Gas", "usedRich2Gas", "EcalPIDe", "InHcal", "HcalEoP", "InMuon", "IsMuon", "LogMuonChi2"]}, "_stack.Linear_0.weight": [[0.030014798045158386, 1.7796247005462646, 0.11783063411712646, -0.454310804605484, -0.12211798131465912, -0.07876493781805038, 0.8062228560447693, 0.27845093607902527, 0.16892096400260925, 0.16152910888195038, -0.4049720764160156, 0.1409768909215927, -0.4187423288822174, 0.046272214502096176], [-0.0955553650856018, 0.6716299057006836, 0.15434762835502625, -0.08596620708703995, 0.015607447363436222, -0.0901440978050232, -0.3695037364959717, -0.4131886065006256, -0.030400726944208145, 0.6294132471084595, 0.33721110224723816, 0.48209938406944275, 0.35921385884284973, -0.048878587782382965], [-0.22117315232753754, -1.6757889986038208, 0.35572516918182373, 0.007678572554141283, 0.07042667269706726, 0.20563122630119324, -0.46776753664016724, -0.04372499883174896, 0.10444439202547073, -0.3849583566188812, -0.5656106472015381, -0.05835092440247536, 0.4279763996601105, 0.15578457713127136], [-0.30930012464523315, 1.7988146543502808, 0.38735488057136536, -0.07667534053325653, -0.5169858932495117, 0.015262049622833729, -0.015475249849259853, -0.9537429213523865, -0.314566045999527, 0.17278118431568146, -0.18934017419815063, -0.49228575825691223, -1.781166911125183, -0.46955540776252747], [-0.07392774522304535, 1.1479437351226807, 1.3611338138580322, 0.3596808612346649, -0.18653443455696106, 0.03779034689068794, 0.2904716730117798, 0.19252964854240417, 0.19182482361793518, 0.19479912519454956, -0.5441942811012268, -0.07991506159305573, 0.26948171854019165, -0.04513704404234886], [-0.4342975318431854, -2.4093165397644043, 0.5678848624229431, -0.00971482414752245, -0.15167726576328278, 0.1170269176363945, -0.8741125464439392, -0.18245264887809753, -0.2551032602787018, 0.008041619323194027, 0.11094509810209274, 0.30346375703811646, 0.4982164204120636, 0.40392327308654785], [-0.27972686290740967, 1.3895577192306519, -0.7878285646438599, 0.44648730754852295, -0.13671629130840302, -0.07575195282697678, -0.8119997978210449, -0.03124554641544819, -0.2908184230327606, 0.10701123625040054, 0.15081694722175598, 0.10292743891477585, 0.2138999104499817, -0.02666250802576542], [-0.1714085191488266, -0.6508172750473022, 0.42174044251441956, 0.07918480038642883, -0.02340664528310299, 0.09432879090309143, 0.13038867712020874, 0.40639179944992065, 0.08021878451108932, 0.08116824924945831, 0.20423898100852966, 0.1761331856250763, 0.12637728452682495, 0.2192995548248291], [-1.9056024551391602, -3.306762456893921, -0.13573379814624786, 0.009650436230003834, -0.006970937363803387, 0.0359826385974884, 0.37065935134887695, -0.6306363940238953, 0.01062034908682108, 0.13506093621253967, -0.061613474041223526, 0.1194600909948349, 0.3581983745098114, 0.09835673123598099], [0.41470110416412354, 0.043347667902708054, 0.1928412765264511, 0.2477964609861374, -0.1521741896867752, 0.15231837332248688, 0.3543727397918701, -0.3605731427669525, -0.17733319103717804, 0.9914600849151611, 0.4195939898490906, 0.36544889211654663, 0.9375084042549133, -0.10475414246320724], [0.8768373131752014, 0.038829363882541656, -0.26946794986724854, 0.32298290729522705, 0.1155957505106926, 0.04544318467378616, -0.11445324122905731, -0.6405561566352844, 0.14376847445964813, 0.3867739140987396, 0.18988600373268127, 0.03529609739780426, 0.6242557168006897, 0.0010285764001309872], [-0.9144709706306458, 0.2900797724723816, -0.2255157083272934, 0.12938694655895233, -0.211425319314003, 0.2575523257255554, 0.2539536654949188, 0.5333542227745056, 0.3158906102180481, 0.049509987235069275, 0.1688562035560608, 0.024140017107129097, -0.6587094068527222, 0.028212735429406166], [0.31016722321510315, 0.07111207395792007, 0.6658785343170166, -0.18991999328136444, 0.3062014579772949, -0.16965685784816742, 0.27869531512260437, -0.35813575983047485, 0.05005685240030289, 0.23371437191963196, -0.47204092144966125, 0.090555340051651, 0.5769602060317993, -0.0617801733314991], [-0.9307350516319275, -5.4956746101379395, 0.08613887429237366, 0.003389353398233652, -0.02513408474624157, 0.004009307362139225, 0.1351718008518219, 0.25013020634651184, -0.08893968909978867, -0.014633304439485073, -0.09045581519603729, -0.07080455869436264, 0.142575204372406, 0.17519798874855042], [0.23264506459236145, 0.402839720249176, -0.199446439743042, -0.0010753549868240952, -0.18906398117542267, -0.20129132270812988, 0.26282572746276855, -0.04396433383226395, -0.05416606739163399, -0.012574990279972553, -0.5545664429664612, 0.24022451043128967, -0.14210231602191925, 0.30888521671295166], [0.8267346620559692, -1.4918601512908936, 0.6909043192863464, 0.22342996299266815, -0.1879255473613739, -0.23884426057338715, 0.5218595266342163, 0.8060659766197205, -0.16141778230667114, -0.1873377114534378, -0.03176519274711609, 0.25230681896209717, -0.2093437761068344, 0.15871500968933105], [0.45973485708236694, -0.0075414651073515415, -0.6717540621757507, -0.08737464994192123, 0.0937209352850914, -0.16975250840187073, 0.12433885782957077, -0.42128607630729675, -0.33653420209884644, -0.01969287544488907, -0.3215920627117157, 0.22516100108623505, 0.19229936599731445, 0.24826203286647797], [0.33533960580825806, 0.0796111673116684, -0.5739635229110718, 0.1957434117794037, -0.16715937852859497, 0.16822795569896698, -0.2758403420448303, -0.3550978899002075, -0.21949836611747742, 0.43046635389328003, 0.18136128783226013, -0.16038507223129272, 0.22739723324775696, -0.003992958460003138], [0.12679032981395721, 1.6851774454116821, 0.146011084318161, -0.07836675643920898, 0.06186996400356293, -0.3250402808189392, 0.23011717200279236, -0.9163299798965454, -0.3345297574996948, 0.3143216073513031, -0.3747011423110962, -0.583617091178894, -1.3745806217193604, -0.4497683644294739], [-0.8081079721450806, -0.9253460168838501, -0.13598407804965973, -0.2985403537750244, -0.11315525323152542, 0.3164721429347992, -0.26955530047416687, 0.383646696805954, 0.0077317506074905396, -0.2609236538410187, -0.13678792119026184, 0.11365354061126709, 0.12056294828653336, 0.17377310991287231], [0.48976439237594604, -0.6805911064147949, 0.3897072970867157, 0.44302311539649963, 0.24224869906902313, -0.048796284943819046, -0.8284394145011902, -0.15849390625953674, 0.02709200605750084, -0.11451724916696548, 0.09279614686965942, 0.0699802115559578, 0.3656676411628723, -0.19577434659004211], [-0.11463523656129837, 0.4951278865337372, 0.3370358347892761, -0.061281923204660416, 0.04033070057630539, -0.0816797986626625, -0.10305724292993546, -0.3563247621059418, 0.32789793610572815, 0.6453723907470703, -0.015164325013756752, 0.016428960487246513, 1.0761208534240723, 0.2474997639656067], [-0.23488791286945343, 0.7295910716056824, 0.5245517492294312, 0.09005039930343628, -0.1588115245103836, 0.17647574841976166, -0.5415890216827393, -0.5643911957740784, 0.012155246920883656, -0.11414536088705063, -0.18476226925849915, 0.3818720281124115, 0.46561965346336365, 0.0005079671391285956], [0.5512769818305969, -0.14590102434158325, 0.06375586241483688, -0.43411123752593994, 0.16072510182857513, -0.049872513860464096, -0.3479149639606476, -0.04071589186787605, 0.13410243391990662, 0.04797697812318802, -0.17258349061012268, -0.0826454609632492, -0.18314500153064728, 0.18817570805549622]], "_stack.Linear_0.bias": [-0.27846065163612366, 0.364846795797348, -0.19960521161556244, -0.6506695747375488, -0.0706232413649559, 0.18399593234062195, 0.43599316477775574, -0.03867343068122864, 0.49898192286491394, -0.2283174842596054, 0.18806195259094238, -0.016256755217909813, -0.07037325948476791, 0.06687502562999725, 0.23062677681446075, 0.06737308949232101, 0.10176917910575867, 0.12553510069847107, -0.5194120407104492, 0.3666971027851105, 0.0054559228010475636, 0.15663407742977142, 0.07771024107933044, -0.05859849601984024],