{
    "num_node": 32,
    "num_input": 11,
    "mean": [
        -0.0009629261677150745,
        0.00412525602652004,
        -0.004628073027331901,
        14.36205334546734,
        3.80569125353667,
        7.594294841042948,
        1.865368689009473,
        0.0029159562144547434,
        0.0007253514831739284,
        -0.011731519588410944,
        0.00017254141718654024
    ],
    "std": [
        0.972593956306641,
        0.32074622548199744,
        0.3600533889348478,
        19.17433453341068,
        0.7503330116231091,
        136.1387743523345,
        129.33322184704775,
        0.05680959897236713,
        0.053970372287823185,
        0.24180896125659151,
        0.18080304858637056
    ],
    "weights1": [
        [
            -0.05894327908754349,
            -0.6701090931892395,
            -0.7450248003005981,
            0.03416500240564346,
            -0.03963927552103996,
            1.8958922624588013,
            1.6534550189971924,
            -1.4895628690719604,
            -1.2496455907821655,
            0.07699389010667801,
            -0.09323583543300629
        ],
        [
            -0.21221265196800232,
            -0.3745335638523102,
            -0.18462443351745605,
            -0.004841717425733805,
            -0.03247141093015671,
            -1.5230762958526611,
            -3.8931548595428467,
            1.5761948823928833,
            4.106253623962402,
            -0.13037905097007751,
            0.023107685148715973
        ],
        [
            -0.0662640780210495,
            0.09625106304883957,
            0.18258297443389893,
            -0.041208405047655106,
            -0.06372876465320587,
            0.2816320061683655,
            -3.6182901859283447,
            -0.30291926860809326,
            3.7566773891448975,
            0.011324581690132618,
            0.021833598613739014
        ],
        [
            -0.2608952820301056,
            0.4516212046146393,
            0.28406184911727905,
            -0.002039623912423849,
            -0.02532339282333851,
            -2.3987996578216553,
            0.011789429001510143,
            2.4914205074310303,
            -0.016943885013461113,
            -0.1426476091146469,
            -0.006846338510513306
        ],
        [
            -0.07505279779434204,
            0.5512136816978455,
            -0.9468740224838257,
            -0.13348713517189026,
            0.1716981679201126,
            -0.5079935193061829,
            -0.6166471838951111,
            0.5609174370765686,
            0.23610077798366547,
            0.896371603012085,
            -0.032396506518125534
        ],
        [
            2.625915288925171,
            -0.03809395432472229,
            -0.19275543093681335,
            0.004806295968592167,
            0.06055542826652527,
            -0.03986158221960068,
            0.05116473510861397,
            -0.1442478895187378,
            -0.0884862095117569,
            0.42882391810417175,
            -1.1229028701782227
        ],
        [
            4.064762592315674,
            -0.09597165882587433,
            -0.10383652150630951,
            -0.027872977778315544,
            -0.45647352933883667,
            0.08059883862733841,
            -0.05901171639561653,
            -0.037274233996868134,
            -0.007245250046253204,
            0.9718895554542542,
            -1.9099990129470825
        ],
        [
            -1.8955278396606445,
            0.05525240674614906,
            0.21018686890602112,
            0.025818632915616035,
            0.09443537145853043,
            0.04925405979156494,
            0.3962666690349579,
            0.08358892053365707,
            -0.09181348979473114,
            -0.3674246370792389,
            1.5659383535385132
        ],
        [
            -0.3351443111896515,
            0.4974546730518341,
            0.554006040096283,
            -0.02321152202785015,
            0.09880396723747253,
            0.281633198261261,
            -2.99442195892334,
            -0.2213132083415985,
            1.6232198476791382,
            0.050088826566934586,
            -0.29750579595565796
        ],
        [
            -0.4644574522972107,
            -0.15707255899906158,
            -0.10753282904624939,
            -0.02643696963787079,
            0.017764322459697723,
            -2.232097625732422,
            1.0168886184692383,
            1.7046749591827393,
            -0.7803324460983276,
            -0.15069074928760529,
            -0.4763810932636261
        ],
        [
            -1.6598421335220337,
            0.05795394256711006,
            0.17683938145637512,
            -0.05446531996130943,
            -0.1313600391149521,
            0.014527566730976105,
            0.08523759245872498,
            0.2034582793712616,
            -0.14632952213287354,
            -0.5991604328155518,
            1.679136872291565
        ],
        [
            0.048971232026815414,
            -0.41488388180732727,
            1.5794806480407715,
            -0.025786543264985085,
            0.2050112783908844,
            -0.06900946795940399,
            -0.8298721313476562,
            -0.0013085444224998355,
            0.5384771823883057,
            -1.2023067474365234,
            0.21661333739757538
        ],
        [
            0.03646828979253769,
            0.06870336830615997,
            -0.14596715569496155,
            0.000658380042295903,
            -0.01522049866616726,
            5.301175117492676,
            -0.4358285367488861,
            -5.513634204864502,
            0.4663357734680176,
            -0.0083449212834239,
            0.11354479938745499
        ],
        [
            -0.18524977564811707,
            -0.7581862211227417,
            -0.3436868488788605,
            -0.021912062540650368,
            -0.04936012253165245,
            -0.28918910026550293,
            -1.6780465841293335,
            0.349461168050766,
            0.23616497218608856,
            0.123089499771595,
            -0.11888337135314941
        ],
        [
            -2.7235920429229736,
            -0.1634940356016159,
            -0.2935185432434082,
            0.06311560422182083,
            -0.3011644184589386,
            -0.003599167335778475,
            -0.03591382876038551,
            -0.2765267491340637,
            0.2853569984436035,
            -0.7692264914512634,
            2.187530994415283
        ],
        [
            -0.7848944067955017,
            0.030986454337835312,
            -0.7581326961517334,
            0.07707281410694122,
            0.06655658036470413,
            -0.21321158111095428,
            -0.005646592937409878,
            0.19863170385360718,
            0.01475529745221138,
            -1.1073540449142456,
            0.8172465562820435
        ],
        [
            -0.0962231382727623,
            0.13533970713615417,
            0.2595190405845642,
            -0.026333700865507126,
            -0.06808556616306305,
            -4.514091491699219,
            1.8736884593963623,
            4.711384296417236,
            -1.9582985639572144,
            -0.3868514597415924,
            0.011261573992669582
        ],
        [
            2.411064863204956,
            0.03104487434029579,
            0.198312446475029,
            -0.04017585143446922,
            0.16976314783096313,
            -0.5231727361679077,
            -0.5593429207801819,
            0.3034819960594177,
            0.6849484443664551,
            -0.7406156063079834,
            -1.1416351795196533
        ],
        [
            -0.555427074432373,
            0.5342510342597961,
            0.8550453186035156,
            -0.011126132681965828,
            -0.0683358907699585,
            -0.2150605469942093,
            2.6845009326934814,
            0.20826947689056396,
            -0.5635843276977539,
            0.13805295526981354,
