{
    "num_node": 32,
    "num_input": 7,
    "mean": [
        5367.463441631928,
        -1.1015745055264234,
        -0.03463094048559666,
        -0.002025693971959408,
        6.812850348069333e-08,
        3.497747523343563,
        -4.027770512487888
    ],
    "std": [
        428.2358539881938,
        80.38950837154393,
        21.828349253367215,
        0.19709568155048812,
        0.006812843051093339,
        0.7187235072924578,
        1.3219656508378017
    ],
    "weights1": [
        [
            -0.28330546617507935,
            0.4509175419807434,
            -0.10790055990219116,
            -0.9962778091430664,
            0.0928974375128746,
            -0.021055106073617935,
            -0.47336792945861816
        ],
        [
            2.6279029846191406,
            -0.33307868242263794,
            -0.025113152340054512,
            -0.7703404426574707,
            -0.004148085135966539,
            0.2711670994758606,
            -0.4838816523551941
        ],
        [
            0.019348612055182457,
            -0.1927659511566162,
            -0.07053449004888535,
            -2.0377519130706787,
            1.2391512393951416,
            0.058595821261405945,
            1.009812593460083
        ],
        [
            0.4128022789955139,
            0.02129347063601017,
            -0.3059089481830597,
            -0.54757159948349,
            0.2611595392227173,
            -0.20754374563694,
            -0.3826260566711426
        ],
        [
            -1.5037678480148315,
            0.654694139957428,
            0.0550667829811573,
            0.07782400399446487,
            0.19266489148139954,
            -0.7713488340377808,
            -0.06022901087999344
        ],
        [
            0.0010132112074643373,
            0.7084954380989075,
            -0.15991325676441193,
            -4.070398330688477,
            0.5069172382354736,
            1.2045761346817017,
            -0.7068032622337341
        ],
        [
            -5.249734401702881,
            -0.9459031224250793,
            -0.1298171877861023,
            -0.9996151328086853,
            0.2626715302467346,
            0.8553176522254944,
            -0.2655387222766876
        ],
        [
            -1.0491220951080322,
            -0.17145124077796936,
            -0.7813705205917358,
            0.032950665801763535,
            0.4689396619796753,
            -0.24059417843818665,
            1.37547767162323
        ],
        [
            0.11986513435840607,
            -2.8523755073547363,
            -0.36234962940216064,
            1.6276812553405762,
            -0.21320337057113647,
            0.3093368113040924,
            -0.0408313013613224
        ],
        [
            -6.465638637542725,
            -0.7876495122909546,
            0.10270000249147415,
            -0.40153831243515015,
            0.049647025763988495,
            0.9092743396759033,
            -0.1716780662536621
        ],
        [
            -0.0051314737647771835,
            0.6408053040504456,
            0.08727553486824036,
            -0.18892475962638855,
            -0.02502201311290264,
            -0.37228575348854065,
            1.5536092519760132
        ],
        [
            1.027401328086853,
            -0.9843729734420776,
            -1.2155163288116455,
            0.9082531332969666,
            -1.9902610778808594,
            -0.4608207941055298,
            -0.4042944312095642
        ],
        [
            -1.0918450355529785,
            -3.163191080093384,
            0.8411360383033752,
            3.3551716804504395,
            0.4837687313556671,
            0.07372374087572098,
            0.543782651424408
        ],
        [
            0.15210063755512238,
            -0.2567119002342224,
            0.12580765783786774,
            -0.513572096824646,
            0.8543485999107361,
            -0.7658643126487732,
            0.6459023356437683
        ],
        [
            -1.2988884449005127,
            -0.436624675989151,
            -0.364447683095932,
            0.9665423631668091,
            -0.20450934767723083,
            0.043804917484521866,
            -0.36419808864593506
        ],
        [
            -0.36811062693595886,
            0.8056464791297913,
            -0.33172154426574707,
            -0.283687561750412,
            -0.15910914540290833,
            -0.14254114031791687,
            -0.3540971577167511
        ],
        [
            0.9579226970672607,
            -0.7796286940574646,
            -3.6398768424987793,
            0.3390882909297943,
            -1.0780547857284546,
            -0.6187917590141296,
            0.9327665567398071
        ],
        [
            0.037037525326013565,
            2.2448935508728027,
            1.4157562255859375,
            -2.264059066772461,
            2.327373504638672,
            0.13800127804279327,
            0.034977033734321594
        ],
        [
            -1.9873086214065552,
            -1.3979671001434326,
            0.14863555133342743,
            2.0133678913116455,
            0.03195679560303688,
            0.282078355550766,
            -0.041720885783433914
        ],
        [
            -1.4398688077926636,
            0.5057230591773987,
            -0.3299217224121094,
            -1.598552942276001,
            0.6449594497680664,
            0.09531015157699585,
            0.6328233480453491
        ],
        [
            -0.4848160743713379,
            0.6515710353851318,
            0.5287140607833862,
            -0.550964891910553,
            2.2108876705169678,
            0.6350048780441284,
            -0.5480815172195435
        ],
        [
            -0.08959980309009552,
            -0.18482762575149536,
            -0.3934983015060425,
            -0.023166194558143616,
            -0.033952925354242325,
            -0.3996007442474365,
            0.3657551407814026
        ],
        [
            0.11048664897680283,
            0.1038610190153122,
            -1.2995761632919312,
            -0.02463877946138382,
            0.166391521692276,
            -0.27565065026283264,
            0.3913312256336212
        ],
        [
            4.191036701202393,
            -1.3599035739898682,
            -0.12887422740459442,
            0.22094500064849854,
            -1.1309789419174194,
            0.19654788076877594,
            -0.12750931084156036
        ],
        [
            -0.6566775441169739,
            -0.9737930297851562,
            2.8658244609832764,
            0.8549986481666565,
            1.2483563423156738,
            0.569616436958313,
            -0.03294645994901657
        ],
        [
            -0.14578022062778473,
            -0.027102461084723473,
            -0.28186044096946716,
            -0.12220463156700134,
            -0.060132868587970734,
            0.008297223597764969,
            0.4798842966556549
        ],
        [
            0.24427947402000427,
            0.2559114098548889,
            0.008226168341934681,
            0.5229148864746094,
            0.08649484813213348,
            0.2037324607372284,
            -0.45510968565940857
        ],
        [
            -0.19685843586921692,
            0.052704304456710815,
            -0.30419984459877014,
            -0.35687872767448425,
            0.004748567473143339,
            -0.31071770191192627,
            0.4561372995376587
        ],
        [
            -3.1146316528320312,
            -0.01852419227361679,
            -0.08472397178411484,
            1.0907926559448242,
            -0.1110474243760109,
            0.6829466223716736,
            -0.05090070143342018
        ],
        [
            0.9288695454597473,
            0.4098963439464569,
            0.41220685839653015,
            -0.3919854462146759,
            0.7774720191955566,
            -0.29908692836761475,
            -0.2356036901473999
