{
    "num_node": 32,
    "num_input": 7,
    "mean": [
        5287.817292527161,
        0.055109566909074786,
        -0.1574790321391821,
        0.0002651195072027622,
        1.1405840436818834e-05,
        3.397014197385311,
        -3.398031974067688
    ],
    "std": [
        1794.4340797108673,
        27.588615419283276,
        11.588374887322825,
        0.10102901737908869,
        0.002554217088507935,
        0.7399078838926687,
        1.1559984442787787
    ],
    "weights1": [
        [
            0.4535256028175354,
            -3.241899013519287,
            -0.0006809536716900766,
            3.543980360031128,
            -0.195633202791214,
            0.11212079972028732,
            -0.12884004414081573
        ],
        [
            -2.472393751144409,
            -1.3862638473510742,
            -0.22877301275730133,
            0.7881958484649658,
            -0.4716787040233612,
            -0.21876095235347748,
            0.18499267101287842
        ],
        [
            0.8157778382301331,
            3.6446471214294434,
            0.3261965811252594,
            -3.8445627689361572,
            -0.022901203483343124,
            0.018808500841259956,
            0.004665804095566273
        ],
        [
            -1.8920254707336426,
            -0.17312294244766235,
            0.14786122739315033,
            -1.230270266532898,
            0.09648063033819199,
            0.07265795767307281,
            0.21949109435081482
        ],
        [
            -4.180923938751221,
            2.550172805786133,
            0.30657845735549927,
            -1.7543362379074097,
            0.13492505252361298,
            0.14862531423568726,
            0.45555827021598816
        ],
        [
            1.8845489025115967,
            0.17733974754810333,
            0.2598264515399933,
            -3.0228943824768066,
            0.2102343589067459,
            0.93536776304245,
            -0.8368930220603943
        ],
        [
            -4.822538375854492,
            2.0927271842956543,
            0.11932443827390671,
            -2.6127750873565674,
            -0.00823795236647129,
            0.16019359230995178,
            -0.3022940754890442
        ],
        [
            -1.4280080795288086,
            0.4917048513889313,
            0.537714958190918,
            -1.6559118032455444,
            0.1815926730632782,
            -2.6772818565368652,
            1.833718180656433
        ],
        [
            -9.93984317779541,
            1.4321798086166382,
            -0.18919862806797028,
            -2.0776326656341553,
            -0.12113693356513977,
            0.31648722290992737,
            -0.02118421159684658
        ],
        [
            0.6824281215667725,
            -0.12867628037929535,
            0.3391464054584503,
            0.5750660300254822,
            0.14655353128910065,
            -0.38116368651390076,
            1.499729871749878
        ],
        [
            -9.72248649597168,
            -0.29420819878578186,
            -0.07406652718782425,
            0.23528069257736206,
            -0.026742886751890182,
            0.2683769464492798,
            0.026746489107608795
        ],
        [
            -0.5832843780517578,
            -0.13504883646965027,
            4.736944198608398,
            0.3323909044265747,
            1.6400845050811768,
            -0.5105826258659363,
            0.2824162244796753
        ],
        [
            -1.1338355541229248,
            -4.014113426208496,
            0.30218806862831116,
            4.146589756011963,
            -0.17294688522815704,
            -0.17978771030902863,
            0.026259737089276314
        ],
        [
            -6.576909065246582,
            -1.5465755462646484,
            -0.0504656657576561,
            0.7786597013473511,
            -0.016256554052233696,
            -0.09962452203035355,
            0.17332258820533752
        ],
        [
            -5.071846961975098,
            -0.43202513456344604,
            0.438149094581604,
            1.8421775102615356,
            0.1589488685131073,
            -0.08516045659780502,
            0.2674400806427002
        ],
        [
            0.47282469272613525,
            3.468454360961914,
            -0.3570401966571808,
            -2.3481576442718506,
            -0.1748688668012619,
            -0.5084149241447449,
            0.09972148388624191
        ],
        [
            -0.09564899653196335,
            0.1708558350801468,
            6.051862716674805,
            -0.6390999555587769,
            2.163957118988037,
            0.2049637734889984,
            -0.15817171335220337
        ],
        [
            -8.156641960144043,
            3.2831454277038574,
            0.25571656227111816,
            -2.021693706512451,
            0.12117483466863632,
            -0.07448970526456833,
            -0.06764446943998337
        ],
        [
            0.8128121495246887,
            2.4636571407318115,
            -0.23141928017139435,
            -1.028656005859375,
            0.018048513680696487,
            0.11821361631155014,
            -0.1800294667482376
        ],
        [
            -6.886048316955566,
            0.4673161506652832,
            0.08238979429006577,
            -0.7672972083091736,
            0.3738363981246948,
            0.10561155527830124,
            -0.09947256743907928
        ],
        [
            -0.1319160908460617,
            0.6344100832939148,
            -1.6267237663269043,
            -0.823340117931366,
            -2.4239184856414795,
            0.4661177396774292,
            -0.08488351851701736
        ],
        [
            -3.395787239074707,
            -0.2861706614494324,
            -0.031128551810979843,
            0.17799289524555206,
            -0.05713758245110512,
            -0.11345143616199493,
            -0.4950198829174042
        ],
        [
            4.791098594665527,
            -0.1878652572631836,
            -1.3928029537200928,
            0.2635039687156677,
            -0.4962792694568634,
            0.19807404279708862,
            -0.5884420871734619
        ],
        [
            -10.321290969848633,
            -0.7959281802177429,
            0.06521067023277283,
            0.4748985171318054,
            -0.02477075159549713,
            0.1404467076063156,
            -0.24468089640140533
        ],
        [
            -0.44647595286369324,
            -1.37953782081604,
            1.9711389541625977,
            1.7759650945663452,
            0.44083842635154724,
            0.2761164903640747,
            -0.2648881673812866
        ],
        [
            -12.17517375946045,
            -0.4183778762817383,
            0.03359115123748779,
            0.3177763521671295,
            -0.032503459602594376,
            0.10774031281471252,
            -0.22449257969856262
        ],
        [
            -2.1344640254974365,
            -0.21386690437793732,
            -0.5485222339630127,
            1.3374674320220947,
            -0.4090743958950043,
            -0.41492438316345215,
            -0.13373523950576782
        ],
        [
            2.0815773010253906,
            -1.3072410821914673,
            0.4176275432109833,
            2.4698503017425537,
            0.14359153807163239,
            -0.3903384506702423,
            -0.3323807716369629
        ],
        [
            0.4944262206554413,
            2.384800910949707,
            0.1616051197052002,
            -2.1326775550842285,
            -0.02903273142874241,
            0.2063698023557663,
            -0.26875320076942444
        ],
        [
            0.5155519843101501,
            1.0849462747573853,
            2.6942102909088135,
            -1.7844698429107666,
            0.9171852469444275,
            -0.3796946704387665,
            0.1656007617712021
        ],
        [
