{"metadata": {"version": 1, "features": ["Chi2PerNDOF", "LogPt", "Eta", "FitVeloChi2PerNDOF", "FitTChi2PerNDOF", "FitMatchChi2", "InUT", "nUTHits", "nUTOutliers", "FitUTChi2PerNDOF"]}, "_stack.Linear_0.weight": [[-3.2188642024993896, 0.04219724237918854, 0.035137031227350235, 2.2372660636901855, 0.44748347997665405, 0.053547658026218414, -0.2729410231113434, 0.07748381793498993, 0.027042318135499954, 0.24730393290519714], [-1.1446988582611084, 1.9809515476226807, 0.6282331943511963, 0.18201734125614166, 0.7441929578781128, -0.017613597214221954, -1.5667656660079956, -0.4436344802379608, -0.9431371092796326, 0.005794782657176256], [0.12964576482772827, -0.2606237828731537, 0.08641284704208374, -0.03257999196648598, -0.21315822005271912, -0.228899285197258, 0.12459827959537506, 0.09865349531173706, -0.12062995880842209, -0.043168745934963226], [-0.8775232434272766, -1.2612534761428833, 1.7769559621810913, -1.9221078157424927, 0.26621848344802856, 0.03306807205080986, 0.9185114502906799, 0.09789197891950607, 0.13660858571529388, 0.023525075986981392], [1.4807318449020386, 0.018735256046056747, 0.9667657613754272, -1.6982829570770264, -0.909856915473938, 0.07689114660024643, 0.45101499557495117, 0.7315990328788757, 0.9849969148635864, -1.4520339965820312], [2.3456904888153076, -2.078477382659912, 1.1125231981277466, 0.1773301661014557, -0.485576331615448, -0.012036736123263836, 3.5630805492401123, -1.6891976594924927, -0.027941809967160225, -0.01636756956577301], [-1.377044916152954, -0.8979274034500122, 0.07734760642051697, 0.13821855187416077, 0.7701239585876465, 0.2850436568260193, 3.4273388385772705, -1.3054777383804321, 1.434722900390625, 0.025363771244883537], [0.5497567653656006, -0.41168153285980225, -1.5186147689819336, -0.11758860945701599, -0.04391378536820412, 0.00017790915444493294, 3.7970130443573, -0.12374395877122879, 0.35588228702545166, -0.06520857661962509], [1.871830940246582, 0.6940876841545105, 1.5708187818527222, -0.26796749234199524, -0.729804277420044, -0.13379621505737305, -0.3111208379268646, -0.7921692728996277, 0.1489700824022293, -0.054624851793050766], [0.17691387236118317, 0.9195615649223328, 0.2582131028175354, 1.3147752285003662, -0.7127035856246948, -0.26831749081611633, 1.7532185316085815, 0.5024166703224182, -1.482075572013855, -1.1242454051971436], [-1.3628002405166626, 0.5916531682014465, 0.4130357801914215, -0.12632803618907928, 0.11927640438079834, 0.2582552433013916, -0.3198714852333069, 0.8691507577896118, 1.1367943286895752, -0.03783446550369263], [3.198945999145508, -0.32729750871658325, -1.822348713874817, -0.7004532814025879, -0.7465696930885315, -0.007986538112163544, 0.5515379309654236, 0.671087384223938, -0.44196778535842896, 0.05646756291389465], [-0.20078270137310028, 1.0098408460617065, 0.7752488851547241, 0.046841807663440704, 0.2665587067604065, 0.02352553978562355, -7.497282981872559, -2.145515203475952, 1.2307761907577515, -0.09224473685026169], [-0.12193228304386139, -0.6384093165397644, 0.36020201444625854, -3.135573148727417, -0.366346150636673, -0.007147842552512884, 2.9596645832061768, -0.2717489004135132, 0.3527226746082306, 0.08777493238449097], [-3.1932554244995117, 2.3395283222198486, -0.7113612294197083, 0.46578875184059143, 0.1595698446035385, -0.07393341511487961, -0.3885669708251953, -0.12726041674613953, -1.6580820083618164, 0.010757834650576115]], "_stack.Linear_0.bias": [-0.3861936926841736, -6.253127574920654, -0.07599075883626938, 4.674757957458496, -0.5120449066162109, 5.079255104064941, 4.031826019287109, 5.520802021026611, -3.6061580181121826, 0.10152068734169006, -3.8390722274780273, 2.6070728302001953, 4.693123817443848, 4.985439300537109, -0.6770487427711487], "_stack.Linear_2.weight": [[0.4802147448062897, -2.2945516109466553, 0.1177791878581047, 0.5570036768913269, 0.9307342767715454, -0.6299068331718445, -0.503296434879303, -1.6336764097213745, -0.7422510385513306, -1.4501913785934448, 0.2102014273405075, 0.6514531970024109, 1.4595822095870972, -1.2895183563232422, 0.20499356091022491], [0.3399384021759033, 0.3408994674682617, -0.18016426265239716, 0.08476129919290543, -0.3426806628704071, 1.0684759616851807, -0.8829982280731201, -0.07594034075737, 0.053923048079013824, 0.2466684728860855, 0.9461494088172913, -0.7024216651916504, -2.1638526916503906, -0.07302827388048172, 0.2619706690311432], [-0.08246561139822006, -0.2265741229057312, 0.10047010332345963, 0.09598659723997116, 0.033970803022384644, 0.03992260992527008, -0.1813475787639618, 0.0656561478972435, -0.35176336765289307, -0.14240461587905884, -0.15474899113178253, -0.0018861592980101705, 0.10943931341171265, 0.05517828091979027, 0.0675949901342392], [-0.16512952744960785, -0.1496366262435913, 0.23416264355182648, 0.03379630297422409, 0.006194470915943384, -0.2511036992073059, 0.04964670538902283, 0.13378092646598816, -0.22758808732032776, -0.13651150465011597, -0.11608482897281647, -0.10283896327018738, 0.09670304507017136, -0.21332314610481262, -0.009606442414224148], [-1.1878058910369873, -1.0067483186721802, -0.22546198964118958, -1.07947838306427, 0.7749145030975342, 0.4034743010997772, -0.9356304407119751, -0.206650972366333, 0.5588881373405457, 1.0512111186981201, -0.7406318783760071, -0.3451606333255768, 0.3202461004257202, 0.12067802995443344, -0.3520544767379761], [-2.076646566390991, -0.4156118333339691, -0.2568288743495941, 0.06731220334768295, -0.24975477159023285, 0.08671488612890244, -0.17912828922271729, 2.6380889415740967, -0.9101507663726807, -0.04229839891195297, 0.10491913557052612, -0.4564538300037384, -0.9297055602073669, -0.5501225590705872, 0.8925918340682983], [-0.04362634941935539, -0.26969847083091736, 0.18732784688472748, -0.23756785690784454, -0.41673222184181213, 1.5485942363739014, 0.3073253929615021, 0.9832650423049927, 0.5630910992622375, 0.20949040353298187, -0.43584609031677246, -0.15840157866477966, -0.30976784229278564, 0.6498019099235535, -0.4592278301715851], [-0.04680011793971062, -0.17227479815483093, -0.13702447712421417, -0.383563756942749, 0.009234829805791378, -0.41063544154167175, 0.02946529909968376, -0.1924048811197281, -0.3636247515678406, -0.03152647241950035, 0.059139855206012726, -0.30658918619155884, 0.04815155640244484, -0.10987674444913864, -0.19923438131809235], [-0.030165571719408035, -1.5212020874023438, -0.14288118481636047, 0.33882826566696167, -0.5350720882415771, 0.2961522936820984, 0.03671475127339363, 1.6239289045333862, 0.07902104407548904, -0.22479014098644257, 0.4615412652492523, -0.7190983295440674, 0.40178707242012024, -0.4589233696460724, 0.19356249272823334], [0.05721098929643631, 1.503723382949829, 0.22698478400707245, -0.5532916188240051, 1.0412379503250122, -0.31326568126678467, 0.5064270496368408, -2.259117603302002, 0.21985256671905518, -0.3205272853374481, 0.13716591894626617, -0.4436418116092682, -1.0100268125534058, -0.5771594047546387, -0.08347365260124207], [-1.455113410949707, -0.21020229160785675, -0.09043828397989273, 1.488879919052124, -0.6389592289924622, -0.0883607268333435, 0.4203960597515106, 0.5438088178634644, -2.00014328956604, -1.0067672729492188, 0.11857645958662033, -0.9070380330085754, 0.8999443650245667, 0.594978392124176, 1.079970121383667], [-4.404342174530029, 0.4112960994243622, -0.1252705156803131, 0.07758340984582901, -0.33493030071258545, -0.07676088064908981, 0.5152994990348816, -2.0313658714294434, 0.8108219504356384, 0.5684716701507568, 0.6847395300865173, -0.5915906429290771, -1.5291883945465088, -1.2573826313018799, -0.3492658734321594], [-0.023342495784163475, 0.994865894317627, 0.16790850460529327, -0.4948268532752991, 0.5163568258285522, -0.28131842613220215, -0.09696432948112488, -3.6661510467529297, 0.5301719903945923, -1.1975009441375732, 0.6789456009864807, 0.0399729460477829, 0.2613556385040283, 0.15678666532039642, 0.6822128295898438], [0.07103797048330307, -0.35584497451782227, 0.10766981542110443, 0.08527249842882156, -0.19301645457744598, -0.449707955121994, -0.30720317363739014, 