{"metadata": {"version": 1, "features": ["Chi2", "NDOF", "LogPt", "Eta", "FitVeloChi2", "FitTChi2", "FitTNDOF", "FitMatchChi2", "nUTHits", "nUTOutliers"]}, "_stack.Linear_0.weight": [[-0.10069429129362106, 0.98369961977005, -3.0627071857452393, 0.6919171810150146, -0.49995261430740356, 0.05979127436876297, -0.8089697957038879, 0.1385447382926941, -0.9154551029205322, -0.4586460590362549], [0.11007120460271835, -0.5894907116889954, 2.183751106262207, -2.1895065307617188, -0.49124598503112793, -0.14485682547092438, 0.8160524964332581, -0.21656568348407745, 0.8393852710723877, 0.2895140051841736], [-0.6235562562942505, 0.04430636391043663, 1.7082064151763916, 1.181779146194458, 0.5588521361351013, 0.5502151250839233, 0.14657984673976898, 0.0522150881588459, 1.248256802558899, -2.3904099464416504], [-0.48508939146995544, 0.35939931869506836, 0.4157271087169647, -0.37827739119529724, 0.30093130469322205, 0.4858438968658447, -0.36659476161003113, 0.813490629196167, 1.7003165483474731, 4.6243510246276855], [-0.275242418050766, -0.17356057465076447, 0.09598060697317123, -0.030275030061602592, 0.03766290843486786, 0.03285970911383629, -0.19751153886318207, 0.2951541543006897, -0.30576789379119873, 0.0623345747590065], [0.10957637429237366, 0.7223222851753235, 0.9001743793487549, -3.456855297088623, -0.20306558907032013, -0.07161805033683777, -0.7458773255348206, -0.017658548429608345, -1.1898729801177979, 2.688255786895752], [0.7220607399940491, -0.052730802446603775, -1.5790879726409912, -0.3120797872543335, -0.8438948392868042, -0.6859146356582642, 0.6280165314674377, -1.0130568742752075, 1.2574421167373657, -1.8146120309829712], [0.13650014996528625, -1.6744846105575562, 0.9761970043182373, 0.6128222942352295, 0.14549440145492554, -0.07091448456048965, 1.5626133680343628, -0.09208076447248459, 2.5627028942108154, -2.3631558418273926], [-0.15933775901794434, -0.2765514850616455, -0.05972999334335327, -0.29623177647590637, 0.24356035888195038, -0.2939925491809845, -0.006304381415247917, -0.038511622697114944, 0.09890905022621155, -0.30761441588401794], [-0.16618146002292633, 0.5215044617652893, 2.1409528255462646, 0.8275408744812012, 0.08507134020328522, 0.1506694108247757, -0.52231764793396, -0.1619197428226471, 1.160775065422058, -5.0407280921936035], [0.1890747994184494, -0.020934129133820534, 2.378704071044922, -0.4069075882434845, -0.30166828632354736, -0.18072250485420227, 0.1328156292438507, -0.12059132754802704, -0.4633217453956604, -2.5263681411743164], [0.02247355878353119, 0.15243099629878998, 1.9283654689788818, -0.7991311550140381, 0.07864606380462646, 0.08691094070672989, -1.8201346397399902, -0.04289787635207176, -4.311553478240967, 2.676365375518799], [0.24758855998516083, -0.31826165318489075, -0.16901764273643494, 3.2936785221099854, -0.054008517414331436, -0.24826441705226898, 0.5855257511138916, -0.04761834442615509, -1.0863245725631714, 3.4791722297668457], [-0.09919136762619019, 0.043330058455467224, -0.20729748904705048, -0.15257295966148376, 0.14260341227054596, 0.00919844675809145, -0.3213692009449005, -0.26754799485206604, -0.24693484604358673, -0.10193350166082382], [-0.06049298495054245, -0.14562484622001648, 0.4944850504398346, -2.620609760284424, 0.08274871855974197, 0.05834424868226051, 0.3554195463657379, 0.07729212194681168, 0.10045268386602402, 0.06201939284801483]], "_stack.Linear_0.bias": [5.992737293243408, 3.1688125133514404, -5.095601558685303, -5.727671146392822, -0.17844387888908386, 2.5779471397399902, 5.105748653411865, 2.24014949798584, 0.2780964970588684, -6.472194194793701, -8.199110984802246, 5.560421466827393, -4.1922383308410645, -0.24196642637252808, 9.929574966430664], "_stack.Linear_2.weight": [[0.0017984454752877355, -0.1555018275976181, -0.07097256183624268, 0.012801497243344784, -0.2536061406135559, -0.029533056542277336, -0.09921437501907349, 0.0035877188201993704, -0.04546522721648216, -0.2593783736228943, 0.1203734502196312, -0.053305529057979584, -0.1173846498131752, -0.19791480898857117, -0.27299487590789795], [-0.3939100205898285, 0.13332119584083557, -0.13391008973121643, 0.020741313695907593, 0.061267927289009094, 0.15961787104606628, 0.08978141844272614, -0.18558479845523834, -0.1250465214252472, 0.46621081233024597, -0.14119119942188263, -0.22428525984287262, -0.5486230254173279, 0.02610156312584877, 2.000760316848755], [-0.00975001323968172, -0.06597113609313965, -0.10722512006759644, -0.05609326437115669, -0.05350574851036072, 0.05510910972952843, 0.03317102789878845, -0.16171441972255707, -0.15865880250930786, -0.12378818541765213, -0.010558799840509892, 0.010824743658304214, -0.2621307373046875, 0.10610096901655197, -0.020273715257644653], [-0.25978463888168335, 0.0326404869556427, 0.4116092026233673, -0.06782472878694534, 0.11252602189779282, 0.15637460350990295, -0.10180334746837616, -0.6679950952529907, -0.10584115982055664, 0.23465582728385925, 0.6522402167320251, -0.2189306914806366, -0.5397502183914185, -0.2540304958820343, -0.5161292552947998], [-0.3554213345050812, 0.14893251657485962, 0.8047614097595215, -0.11549010127782822, 0.004803511779755354, 0.06525637954473495, -0.762245237827301, -0.16612577438354492, -0.009794841520488262, 0.6634311079978943, 0.4667634069919586, -1.381934642791748, 0.5367030501365662, -0.1371493935585022, -0.6141993999481201], [-2.2167956829071045, -0.6892113089561462, -0.7018851637840271, -0.9084528684616089, 0.1494653970003128, 0.4528186619281769, -0.09717311710119247, 0.18182477355003357, 0.1241261214017868, -0.30173590779304504, 0.4070250391960144, -0.3389210104942322, -1.2600319385528564, 0.2377503514289856, 2.0277035236358643], [0.82599937915802, -0.2666284143924713, 0.26095810532569885, -1.10731840133667, -0.08760963380336761, 0.4005703926086426, -0.6119905710220337, 0.6618298292160034, -0.15664488077163696, -0.37219560146331787, 0.5597784519195557, -1.3295307159423828, 0.6906529664993286, -0.05236363038420677, 0.7118009328842163], [-0.36067017912864685, 0.33083659410476685, 0.20587807893753052, 0.12889088690280914, -0.21087579429149628, 0.23586632311344147, -0.7322949171066284, -0.7054880857467651, -0.03444166108965874, 0.14020206034183502, 0.6452527046203613, 0.15939581394195557, -1.0657200813293457, 0.08189503848552704, -0.010355374775826931], [-0.12294492870569229, -0.2888541519641876, 0.04737838730216026, -0.01069385465234518, -0.12728965282440186, -0.3002763092517853, -0.2773250937461853, 0.051577430218458176, 0.2237301766872406, -0.32436254620552063, -0.24133870005607605, -0.12068526446819305, -0.07964114099740982, -0.025082197040319443, -0.18658345937728882], [0.12407340109348297, -1.4649276733398438, -0.07899843901395798, -0.32590317726135254, 0.011059025302529335, -0.5176452994346619, -0.14185865223407745, -0.11173228919506073, 0.13578815758228302, 0.5686118006706238, 0.7855626344680786, 0.14094491302967072, 0.2750076651573181, 0.10132387280464172, -1.408030390739441], [0.345642626285553, -0.4505710005760193, 0.19677948951721191, 0.1380571722984314, 0.030824705958366394, -1.5788352489471436, -0.15757006406784058, -0.0037287906743586063, -0.24429169297218323, 0.18683955073356628, 0.22721971571445465, 0.6126458048820496, 0.45903339982032776, 0.10929638147354126, -2.794285774230957], [-0.0782172679901123, -0.38134947419166565, 0.2455473095178604, -0.2283579558134079, 0.0842263251543045, -0.6316881775856018, 0.05288742110133171, -0.11245004832744598, 0.12220198661088943, -0.22669947147369385, 0.367885023355484, 0.4313066303730011, -0.07920891791582108, -0.0733633041381836, 0.5046398043632507], [1.0818748474121094, -0.15606777369976044, 0.13183118402957916, 0.13713358342647552, -0.2300368696451187, -0.3199682831764221, 0.4306839108467102, 1.1567546129226685, -0.1352425515651703, -0.5408164858818054, -0.769677460193634, 0.9980455040931702, -0.24285614490509033, -0.2053498476743698, -0.031701091676950455], [-1.7655069828033447, 0.2177058458328247, 0.7842864990234375, -0.26545923948287964, -0.01440087053924799, 0.6199373602867126, 