{"metadata": {"version": 1, "features": ["Chi2", "NDOF", "LogPt", "Eta", "FitVeloChi2", "FitTChi2", "FitTNDOF", "FitMatchChi2"]}, "_stack.Linear_0.weight": [[0.005642326548695564, 0.0026274281553924084, 0.6958804130554199, 2.942565679550171, -0.062118835747241974, 0.015279172919690609, -0.218461811542511, 0.21871045231819153], [0.006990890018641949, 1.0730828046798706, -3.1948068141937256, 0.9296013116836548, -0.3338097631931305, 0.03968407213687897, -1.633740782737732, 0.17474649846553802], [-0.18113887310028076, 0.14116905629634857, -0.40065276622772217, -0.23660552501678467, -0.1760481297969818, -0.010568040423095226, -0.5541664361953735, 0.027639778330922127], [-0.1692384034395218, 0.4973028004169464, 2.0105278491973877, -5.1426167488098145, -0.2612517178058624, 0.11194580793380737, 0.4551565945148468, 0.06469979882240295], [-0.22916610538959503, -0.16275224089622498, -0.24700669944286346, -0.33112430572509766, -0.20638342201709747, 0.30391380190849304, 0.15776202082633972, 0.17135761678218842], [-0.3927144408226013, 0.8618141412734985, -3.314321279525757, -1.7365739345550537, -0.30137279629707336, 0.18399091064929962, 1.695261001586914, 0.38743096590042114], [-0.15679992735385895, 0.02229931950569153, 2.4053406715393066, 0.05353135988116264, 0.16129545867443085, 0.18545861542224884, -0.43906059861183167, 0.16668857634067535], [-0.22117063403129578, -2.0245516300201416, 1.657218337059021, 0.3952946066856384, 0.7146004438400269, 0.22773124277591705, 2.4406018257141113, 0.249092236161232], [0.17983368039131165, 0.2195364087820053, -0.3997057378292084, 1.4194066524505615, -0.28763508796691895, 0.7397739887237549, -2.422543525695801, -0.010507243685424328], [0.033703677356243134, 0.2416888326406479, 2.6142921447753906, 2.2198500633239746, -0.07390175014734268, -0.08345511555671692, -0.29224923253059387, -0.4544622302055359], [-0.12507294118404388, 0.09121906757354736, 2.3755276203155518, -1.0664945840835571, 0.27699026465415955, 0.04971668869256973, 1.0247540473937988, 0.09195785969495773], [0.04730008915066719, -0.003967757802456617, 1.997300624847412, -1.3010557889938354, -0.02720126137137413, 0.2541840970516205, -3.8379693031311035, -0.0159707423299551], [0.057166729122400284, -1.0711925029754639, 0.825353741645813, -1.6659603118896484, 0.7196148633956909, 0.03624953329563141, 0.8991569876670837, 0.032188642770051956]], "_stack.Linear_0.bias": [-10.470541954040527, 4.701612949371338, 0.9188346862792969, 1.6196867227554321, -0.01948065310716629, 2.817089319229126, -12.38998794555664, 5.26005744934082, -7.591851234436035, -8.525601387023926, -9.642744064331055, 10.691269874572754, 0.19077366590499878], "_stack.Linear_2.weight": [[-0.40730157494544983, 0.0628921315073967, 0.027899274602532387, 0.15370948612689972, 0.016613315790891647, -0.0662844330072403, -1.2441661357879639, 0.37552469968795776, -0.6062232851982117, -0.09986409544944763, -0.5191277861595154, 2.223719596862793, 0.08088129013776779], [-0.7790536880493164, 0.10710421949625015, -0.16596710681915283, 0.0009342961711809039, 0.1985412985086441, -0.13682416081428528, -4.2638840675354, -0.05484703183174133, -0.14322569966316223, -0.2600117325782776, -0.2889329493045807, 0.4270941913127899, -0.1531330645084381], [-0.03779585286974907, -0.10794398188591003, -0.12477298080921173, 0.28746819496154785, -0.0017979169497266412, -16.278038024902344, 2.397725820541382, -0.09157253056764603, -0.0368206724524498, -0.07555166631937027, -0.26204732060432434, -0.12252844870090485, 0.17607256770133972], [-0.9020119905471802, 0.36539697647094727, 0.010027150623500347, -1.2311688661575317, -0.05342186242341995, 0.8369569182395935, 5.1096086502075195, 1.9221855401992798, 0.12315033376216888, -0.024591568857431412, -0.6626985669136047, -1.1788384914398193, -0.9603517651557922], [-0.28327876329421997, -0.18044376373291016, -0.0039628613740205765, 0.14070641994476318, 0.10044338554143906, -0.09767383337020874, 0.7150737047195435, 0.18522027134895325, -0.10801094025373459, 0.7746448516845703, -0.21925538778305054, -0.49309563636779785, -0.2720398008823395], [-0.3602108955383301, 0.08172554522752762, 0.20454303920269012, -0.26244404911994934, -0.0666956827044487, 0.554566502571106, 0.057802870869636536, 0.7762815356254578, 0.05543038249015808, -0.011491559445858002, -0.7621040344238281, -0.24341225624084473, -0.4103699326515198], [-0.9568450450897217, 0.2133871465921402, -0.16842935979366302, 2.0434131622314453, -0.006051004398614168, -0.9868459701538086, -1.4905056953430176, -0.7440811991691589, -0.2589324712753296, -0.8209982514381409, -1.152633547782898, 0.2506605386734009, 0.748471200466156], [-0.767693281173706, 0.06217655912041664, 0.20183835923671722, 0.9420017600059509, 0.03479810431599617, -0.002277435502037406, 2.444397211074829, -0.14244374632835388, -0.03165715932846069, -0.7795231342315674, 0.43343716859817505, 0.08337327837944031, 0.008305063471198082], [0.47706493735313416, -0.19042563438415527, -0.013925700448453426, 0.1794583797454834, 0.13739310204982758, -0.01857094280421734, 0.9550071954727173, -0.2563134729862213, 0.059553664177656174, 0.7152739763259888, 0.5377342104911804, -0.5756935477256775, -0.45911598205566406], [-0.20252971351146698, -0.24926027655601501, 0.15146629512310028, 0.05851813033223152, -0.11754794418811798, 0.0032134451903402805, -0.14268605411052704, 0.043129853904247284, 0.07801518589258194, 1.1157816648483276, 0.04772770404815674, -0.6395787596702576, 0.13067469000816345], [-0.34345337748527527, -0.026285255327820778, -0.07886748760938644, -0.20031556487083435, 0.03665765002369881, 0.2556668221950531, -0.25809264183044434, -0.011608008295297623, 0.08216056227684021, -0.2936590015888214, -0.03741440549492836, -0.19787143170833588, -0.21276338398456573], [0.06009636074304581, 0.3867839574813843, 0.14546731114387512, 0.06361691653728485, 0.10060129314661026, 0.21653038263320923, -1.930633306503296, -0.7323228716850281, 0.02471690997481346, 0.33899039030075073, -1.1246925592422485, -0.37271955609321594, -0.05379090458154678], [-0.28499042987823486, -0.6663800477981567, -0.03517400473356247, -0.5616335868835449, -0.1801142543554306, 0.14989981055259705, 1.4766570329666138, 0.009853951632976532, 0.04519706964492798, -0.3863421082496643, 0.05259948968887329, -0.18929584324359894, -0.16121956706047058]], "_stack.Linear_2.bias": [3.592731475830078, 8.165002822875977, -8.060302734375, -2.220201015472412, -7.113861560821533, 6.80214262008667, 1.1880435943603516, -7.589012622833252, -5.581451416015625, -5.695772171020508, 0.12791739404201508, 5.155455112457275, 8.011418342590332], "_stack.Linear_4.weight": [[-0.14742639660835266, 0.5599804520606995, -0.6246086359024048, -0.14162474870681763, 0.19822610914707184, -0.17742063105106354, -0.25188711285591125, 0.3074621260166168, 0.19985322654247284, 0.14164431393146515, 0.0015541811008006334, -0.16270865499973297, -0.15335600078105927]], "_stack.Linear_4.bias": [-1.9009820222854614],