{"metadata": {"version": 1, "features": ["Chi2", "NDOF", "LogPt", "Eta", "FitVeloChi2", "nUTHits", "nUTOutliers"]}, "_stack.Linear_0.weight": [[0.07185714691877365, -0.5282456278800964, 0.4463690519332886, 1.333736538887024, -0.09143168479204178, 0.4661582112312317, -0.02304893732070923], [-0.24467791616916656, 0.12158362567424774, 0.6637664437294006, 0.8783684372901917, 0.21577239036560059, 0.5919478535652161, -3.2303998470306396], [-0.11019115149974823, 0.6203499436378479, 0.07575920969247818, -0.5949984192848206, -0.16045401990413666, 0.9095723628997803, -0.8241378664970398], [0.24965673685073853, -0.1749398559331894, 0.48376598954200745, 0.9396357536315918, -0.1393265277147293, -0.9060332775115967, 1.28396475315094], [-0.37582656741142273, -0.3620692491531372, -0.08931363373994827, 0.30873817205429077, 0.037843991070985794, 0.1451556384563446, -0.27705052495002747], [0.001379823312163353, -0.0029438913334161043, 0.42740994691848755, 0.09169881045818329, -0.001606298959814012, -1.7957009077072144, -0.09105820953845978], [-0.2800314724445343, -0.18624906241893768, 0.187842458486557, -0.20683778822422028, 0.19107693433761597, -0.19775427877902985, -0.12427105754613876], [0.00804391410201788, -0.34684494137763977, -0.003773964010179043, -0.038097210228443146, -0.03395495191216469, -0.0755566880106926, 0.29797860980033875], [-0.025905201211571693, -0.025548622012138367, 0.4542074501514435, -1.6097220182418823, 0.01946672797203064, 0.1898791640996933, -1.2122557163238525], [-0.1763228327035904, -0.3645481467247009, -0.14632369577884674, 0.12623995542526245, -0.34984448552131653, -0.36717942357063293, 0.04795331135392189], [-0.27228716015815735, -0.33112722635269165, -0.14562450349330902, -0.060852598398923874, -0.34345829486846924, -0.25237736105918884, 0.024782318621873856], [-0.35640978813171387, -0.05312458053231239, -0.2440526783466339, -0.2620190680027008, 0.14855174720287323, -0.2909153401851654, -0.2864344120025635]], "_stack.Linear_0.bias": [-0.6798487305641174, -2.382540225982666, -1.0886330604553223, -1.1152318716049194, -0.18256253004074097, 3.6949846744537354, -0.04577261582016945, 0.28825244307518005, 4.5842742919921875, -0.02691134624183178, 0.16719339787960052, -0.2081386148929596], "_stack.Linear_2.weight": [[-0.5600987076759338, 0.22446785867214203, -0.6090865731239319, 0.2081717550754547, -0.22348839044570923, 0.9479695558547974, -0.2195010632276535, 0.1774788349866867, 0.3700011670589447, -0.24265071749687195, 0.004254173953086138, 0.22747266292572021], [-0.597749650478363, -0.37275412678718567, -0.10020893067121506, -0.30442014336586, 0.11959365755319595, 1.2436349391937256, -0.09884604811668396, -0.14659851789474487, 1.118024468421936, 0.11981169879436493, -0.21063920855522156, 0.0465422198176384], [-0.0033178715966641903, -0.11860790103673935, -0.16485561430454254, -0.09579355269670486, 0.22754138708114624, -0.20693743228912354, -0.20563580095767975, -0.08906179666519165, 0.005021887831389904, 0.0785808116197586, 0.008662586100399494, -0.06949150562286377], [-0.9741781949996948, -1.4398589134216309, -2.2487831115722656, -0.009832968935370445, -0.2809991240501404, -0.42832016944885254, -0.2348632514476776, -0.05275733768939972, -0.9801152944564819, 0.2530350685119629, -0.2513076663017273, -0.012507385574281216], [0.07816286385059357, 0.7108384370803833, 0.14203456044197083, -0.04622861370444298, -0.19395872950553894, -1.2871551513671875, -0.13952307403087616, 0.14947198331356049, -0.8225185871124268, 0.122714102268219, 0.2596419155597687, 0.26842615008354187], [-0.26271313428878784, -0.19095291197299957, -0.11935758590698242, -0.18408842384815216, 0.2769837975502014, -0.02549544908106327, -0.19148992002010345, -0.12845738232135773, -0.15945391356945038, 0.11777638643980026, -0.25179722905158997, -0.269161581993103], [0.05706294625997543, 0.7310928106307983, -0.10498702526092529, -0.6575366258621216, 0.07158524543046951, -3.819594144821167, -0.00963742658495903, -0.06107834354043007, 0.2023332715034485, -0.030953966081142426, 0.1453476846218109, -0.1960136890411377], [0.6437105536460876, -0.021662162616848946, -0.886883556842804, -0.7684235572814941, 0.2835323214530945, -0.02519933134317398, -0.04801255464553833, 0.14386284351348877, 0.0782339870929718, 0.11415888369083405, 0.06734927743673325, 0.18196052312850952], [-0.7679041624069214, -0.038679275661706924, 0.6451586484909058, 0.24728061258792877, -0.2686890661716461, 1.325864315032959, -0.2641315460205078, -0.2068134844303131, -0.46919769048690796, 0.23888978362083435, -0.05746104568243027, 0.16580089926719666], [0.5422946810722351, -0.06058302894234657, -0.3991720378398895, 0.005795804318040609, 0.11011067032814026, -1.5889161825180054, -0.24141189455986023, 0.17753982543945312, 0.8228410482406616, -0.26857316493988037, 0.030203010886907578, 0.24643419682979584], [-0.16322045028209686, -0.19847826659679413, 0.20675790309906006, 0.08330412209033966, 0.2870227098464966, -2.313408851623535, 0.2233901470899582, -0.03598242625594139, 1.3265714645385742, -0.2690200209617615, -0.15577757358551025, -0.06174216419458389], [-0.4644019305706024, 0.5180999636650085, 0.13128569722175598, 0.5296793580055237, 0.1963595300912857, 0.3298124074935913, -0.07673061639070511, 0.04215366765856743, -0.9519684314727783, 0.14844617247581482, -0.11486579477787018, -0.08704548329114914]], "_stack.Linear_2.bias": [1.3800442218780518, 1.233486533164978, -0.2005256861448288, 0.04557526856660843, -1.3441624641418457, -0.09051897376775742, -0.5471234321594238, 0.5407105684280396, 1.1133532524108887, 0.8281289339065552, 0.12006853520870209, -1.5982080698013306], "_stack.Linear_4.weight": [[-0.40514498949050903, 0.8479662537574768, 0.006233010441064835, 0.38924917578697205, 0.46830782294273376, 0.19549208879470825, 0.34525787830352783, -0.6087980270385742, -0.5092992186546326, -0.41923990845680237, 0.7746317982673645, 0.6373218894004822]], "_stack.Linear_4.bias": [-1.8829118013381958],