{"metadata": {"version": 1, "features": ["Chi2", "NDOF", "LogPt", "Eta", "FitTChi2", "FitTNDOF", "nUTHits", "nUTOutliers"]}, "_stack.Linear_0.weight": [[-0.24714532494544983, 0.3009590804576874, -0.045703787356615067, -0.2585855722427368, 0.10352408140897751, -0.25138258934020996, -0.28054720163345337, 0.021538177505135536], [0.011330755427479744, -0.37842899560928345, 0.02033318765461445, 0.3009287416934967, -0.28817105293273926, -1.0628052949905396, 0.4207378029823303, -0.02359471097588539], [-0.03522595390677452, -1.4166024923324585, 3.1227147579193115, 2.3636410236358643, -0.004136069677770138, 1.5552139282226562, -5.02544641494751, -1.6362812519073486], [-0.04495111107826233, -0.5087921619415283, -1.3576685190200806, 3.6447489261627197, 0.1324155628681183, -0.17031176388263702, -0.8806886672973633, 0.19043810665607452], [-0.7647302150726318, 1.4602375030517578, 0.46598777174949646, -2.8053252696990967, 0.6344035267829895, 0.6413022875785828, 1.6203255653381348, -5.056722164154053], [-0.06028904765844345, -0.9722254276275635, 1.6323280334472656, 0.4799172282218933, 0.0794566348195076, 0.5925602912902832, -4.3209991455078125, 0.354732483625412], [0.03695090115070343, 0.02039625123143196, -0.19578315317630768, -0.1483069658279419, -0.10337458550930023, -0.34441596269607544, 0.018373707309365273, 0.0625290647149086], [-0.08639413863420486, -1.02472722530365, 4.268970966339111, -1.6050605773925781, 0.23272165656089783, -1.021543025970459, -2.071380138397217, 0.9972304105758667], [0.11366879940032959, -0.8652634024620056, 2.501964569091797, 1.70620596408844, 0.3482256233692169, -2.3742196559906006, 0.5176831483840942, -1.2063277959823608], [0.5714361071586609, -0.6612728238105774, -0.2323008030653, 1.567285418510437, -0.30315375328063965, -1.2482649087905884, 0.6212849617004395, 4.183542251586914], [0.14487223327159882, -0.5365243554115295, 3.856821298599243, 1.2552428245544434, -0.02734626643359661, -1.0686050653457642, 0.33927878737449646, 1.5640379190444946], [0.05834738165140152, 0.16276989877223969, 1.9137400388717651, -7.333083152770996, -0.13404634594917297, 0.5515772700309753, 0.35075119137763977, -2.4863545894622803], [0.11714763194322586, -0.33986759185791016, -0.07075892388820648, -0.9940813779830933, -0.48252734541893005, 0.3398998975753784, -0.8161170482635498, -0.022051744163036346]], "_stack.Linear_0.bias": [-0.11953815072774887, 0.6653910279273987, -2.554248094558716, 0.5342362523078918, -2.607309579849243, 8.571211814880371, 0.15404188632965088, 3.1328766345977783, -2.859441041946411, 7.993857383728027, -10.821054458618164, 2.779029607772827, -0.42313435673713684], "_stack.Linear_2.weight": [[0.19202817976474762, -0.36933889985084534, -1.6688823699951172, 1.3909244537353516, -0.6666231751441956, 1.9313050508499146, -0.12755084037780762, 0.7287005186080933, 0.3186591863632202, 0.1696537733078003, 0.9013903737068176, -1.9736815690994263, -0.21191458404064178], [0.2730095386505127, 0.707236647605896, 2.512321710586548, -1.0393434762954712, -0.1454877406358719, -0.3101525604724884, 0.0370432585477829, 0.9193040132522583, -0.11658593267202377, 0.42100095748901367, -1.770336627960205, 0.9301972985267639, 0.5106443762779236], [0.2695869207382202, -7.476686954498291, -3.160987615585327, -2.1444597244262695, -1.3687111139297485, -20.594131469726562, 0.26030999422073364, -1.8400723934173584, 1.9156485795974731, -1.405140995979309, 1.8273367881774902, -169.99818420410156, -1.542232871055603], [-0.1547851860523224, -0.4409027397632599, 0.7878589630126953, 3.5885586738586426, -0.35594621300697327, -0.1763489991426468, -0.24586746096611023, 0.6720526814460754, 0.9447371959686279, -1.2918082475662231, -0.568333089351654, 1.0705288648605347, 0.3846096098423004], [0.18621069192886353, -0.41728442907333374, -0.38632771372795105, -0.5077208280563354, -0.43311184644699097, -1.292097806930542, -0.14987626671791077, 0.0375986248254776, 0.20184339582920074, -0.27998533844947815, -0.2805301249027252, -1.242575764656067, 0.3553245961666107], [-0.24321922659873962, -0.6184139251708984, -0.13942717015743256, 0.17241504788398743, -3.4372048377990723, -2.721575975418091, -0.2559579014778137, 0.09053407609462738, 0.4377713203430176, -0.4863404631614685, -0.3059161305427551, -0.37156692147254944, 0.13486893475055695], [0.08702980726957321, -0.30123162269592285, 0.348784863948822, -5.213012218475342, 0.9689001441001892, -5.461812496185303, 0.16992685198783875, 1.6925537586212158, -0.5409084558486938, -0.9835598468780518, -0.1850864291191101, 1.7467808723449707, -0.39215025305747986], [-0.11016219854354858, 0.049110058695077896, -0.1090485155582428, -0.04388314113020897, -0.2628791928291321, -0.26150599122047424, 0.1074351891875267, -0.11739631742238998, -0.16873691976070404, -0.10943742841482162, -0.22675271332263947, -0.22171372175216675, 0.16595862805843353], [0.14096100628376007, -0.09606319665908813, 0.02221335656940937, -20.613666534423828, 0.04207081347703934, -1.7076317071914673, 0.05968291684985161, -0.7505277395248413, -0.7454129457473755, -0.8371043801307678, 1.518127202987671, -1.031838059425354, -0.2520073652267456], [0.061055053025484085, -0.10092000663280487, 3.346402406692505, -2.0301971435546875, -0.6460151672363281, 2.3311972618103027, -0.15598919987678528, 0.44884413480758667, -0.6181581020355225, 0.415200799703598, -1.8714392185211182, 1.9153932332992554, -0.22591038048267365], [-0.2715871036052704, -0.09728894382715225, -6.682473182678223, -2.359323024749756, -0.13821257650852203, 8.209464073181152, -0.023533441126346588, -0.4542858898639679, 0.19688667356967926, -0.09817290306091309, 0.6621346473693848, 0.5299530029296875, -0.2692272365093231], [0.18785853683948517, -0.053315211087465286, 1.4556792974472046, -6.4956769943237305, 1.0054906606674194, -34.78217697143555, -0.023579562082886696, -1.05391263961792, -0.4593698978424072, -0.31531646847724915, -1.1255735158920288, 2.468674898147583, -0.24563857913017273], [-0.18694832921028137, -10.233192443847656, -0.8289658427238464, 1.3346655368804932, 0.287110835313797, -5.302357196807861, -0.1910610944032669, 1.7557530403137207, 0.7075469493865967, -2.231752395629883, -1.033429503440857, 2.323760509490967, -0.08079969137907028]], "_stack.Linear_2.bias": [1.720194697380066, 8.389031410217285, -12.524103164672852, -1.1805062294006348, 0.62767493724823, -1.3418759107589722, -6.857669830322266, 0.11247457563877106, -3.7106313705444336, -3.7635016441345215, -1.6267173290252686, -2.603602886199951, -5.578629970550537], "_stack.Linear_4.weight": [[-0.24174371361732483, -0.29783937335014343, 0.0959625318646431, -0.10297229140996933, 0.026892930269241333, 0.1710572987794876, 0.11279699951410294, -0.17662660777568817, 0.15049730241298676, 0.21682989597320557, -0.1416580229997635, 0.1228940412402153, 0.08512347936630249]], "_stack.Linear_4.bias": [0.3609375059604645],