{"metadata": {"version": 1, "features": ["Chi2", "NDOF", "LogPt", "Eta", "FitVeloChi2", "FitTChi2", "FitTNDOF", "FitMatchChi2"]}, "_stack.Linear_0.weight": [[-0.5060918927192688, 0.18135486543178558, 0.5533119440078735, 0.4924502372741699, 0.3394012749195099, 0.3118650019168854, 0.11033832281827927, -2.3959197998046875], [0.11217731982469559, -0.1560308039188385, -0.6893842816352844, 0.026326792314648628, -0.263045072555542, -0.20240384340286255, 0.09858153760433197, -0.057658225297927856], [-0.13476449251174927, 0.8513836860656738, -2.382535457611084, 0.7937091588973999, -0.5103649497032166, 0.11015097796916962, -0.43705275654792786, 0.07080686092376709], [0.03603580594062805, 0.14766879379749298, -2.3052546977996826, -0.38040274381637573, 0.18996921181678772, -0.08887264132499695, 1.0185521841049194, -0.07218161225318909], [-0.05584592744708061, 0.1859651356935501, 3.122745990753174, -0.19198186695575714, 0.03578513488173485, 0.049587588757276535, 0.42044082283973694, -0.17071712017059326], [0.26079845428466797, 0.24604061245918274, -2.119811534881592, -0.35951974987983704, -0.20120535790920258, -0.20502658188343048, 0.3601587414741516, 0.26098912954330444], [0.13606399297714233, 0.09594295918941498, 2.609611749649048, -0.9806751012802124, 0.17255407571792603, 0.06835789978504181, -2.034576892852783, -0.2502526640892029], [0.05647686496376991, -0.7182825803756714, -0.1081666573882103, 2.8927958011627197, 0.21031682193279266, -0.05305799841880798, 0.747852623462677, -0.11892051994800568], [-0.03877951577305794, 0.1737993061542511, 1.7014788389205933, -0.4031771719455719, 0.012550249695777893, -0.11383897811174393, 0.4691268801689148, -0.7637759447097778], [-0.09932993352413177, -0.3101753890514374, -0.5751189589500427, 0.011108682490885258, -0.15724310278892517, 0.32091307640075684, -0.28419479727745056, -0.08107501268386841], [-0.7880212068557739, 0.03740803152322769, 0.27901965379714966, -0.31745344400405884, 0.7917669415473938, 0.6615238785743713, 0.48518988490104675, -4.433417320251465], [-0.02374296635389328, 0.11187189817428589, -0.13827276229858398, 2.130897045135498, 0.07144927233457565, 0.018476059660315514, -0.26380810141563416, 0.04067996144294739], [0.3341502845287323, -1.6300907135009766, 1.1501123905181885, 0.6723873019218445, 0.4433062970638275, -0.33822113275527954, 1.6417769193649292, -0.09832718968391418]], "_stack.Linear_0.bias": [-2.2293882369995117, 0.31402426958084106, 4.915078639984131, 5.698734760284424, -5.346080780029297, -0.9335477352142334, -1.2319992780685425, 0.9741621017456055, -1.2108054161071777, -0.09401105344295502, -1.3755757808685303, -8.877267837524414, 1.635116696357727], "_stack.Linear_2.weight": [[-0.5189271569252014, -0.06419798731803894, 0.7865979671478271, -0.02711660787463188, -0.7096353769302368, -0.08516380935907364, -0.1733107715845108, -0.34632179141044617, 0.14489556849002838, 0.23739810287952423, -8.148849487304688, -0.45216071605682373, 0.25697416067123413], [0.24378082156181335, 0.162931427359581, -0.22248272597789764, -0.22051115334033966, 0.8761506080627441, -0.013413144275546074, -0.05415402725338936, 0.09994298964738846, 0.5143717527389526, 0.05782364681363106, -0.6618114113807678, 0.4763658940792084, -0.1359855830669403], [-0.09987710416316986, 0.022950567305088043, -0.032054632902145386, 0.3141106963157654, 0.4905342161655426, -0.7244023084640503, -0.042697973549366, -0.05404747650027275, -0.351955771446228, -0.29034915566444397, -0.3966907262802124, 0.4293372333049774, -0.416615754365921], [-0.29941001534461975, 0.22949211299419403, -0.1613963544368744, -0.1364881992340088, -0.01183632854372263, 0.006038267631083727, -0.47575661540031433, 0.5671367645263672, 0.06835944950580597, 0.04173658788204193, -2.1903419494628906, -5.265525817871094, 0.46031278371810913], [0.5301988124847412, -0.35591891407966614, 0.3274792730808258, 0.7123569250106812, -1.6699475049972534, -0.912517249584198, -0.8176468014717102, 0.06500823050737381, 0.34734368324279785, 0.35197001695632935, 3.3298304080963135, 3.7978756427764893, -2.066969871520996], [2.4093523025512695, -0.1354650855064392, -3.339742422103882, -2.6775929927825928, 0.07905973494052887, -0.28897958993911743, -0.48023170232772827, -3.1009271144866943, 0.13580092787742615, 0.5798458456993103, 6.8531951904296875, -1.076816201210022, 1.0046950578689575], [-0.05608297511935234, 0.21793396770954132, 0.09246984124183655, -0.11191481351852417, -0.37519869208335876, -0.20188702642917633, -0.05764007940888405, -0.0022905864752829075, -0.8853046894073486, -0.01914740726351738, 0.13427689671516418, 0.06506408751010895, 0.050174955278635025], [-0.0811321809887886, -0.04484853893518448, 0.11276470124721527, -0.2986353635787964, -0.34715986251831055, -0.03816637024283409, -0.27384668588638306, 0.024382250383496284, -0.24123741686344147, -0.032732874155044556, 0.07375659048557281, -0.13499492406845093, 0.09754844754934311], [-0.200040802359581, 0.17528842389583588, 0.42859792709350586, -0.04753774031996727, -0.49525222182273865, -0.07477763295173645, -0.09695027768611908, 0.04950251057744026, 0.23372671008110046, 0.027106566354632378, 0.05787058547139168, 0.42421871423721313, -0.1939498335123062], [-0.6766940951347351, -0.1132025346159935, -0.25314193964004517, -0.6041358709335327, 0.21071860194206238, -1.1117136478424072, -0.06496058404445648, 0.07937105000019073, 0.6348842978477478, 0.051356054842472076, -0.04180707037448883, 0.9954482316970825, -0.32917362451553345], [0.972356915473938, -0.15849047899246216, -0.08623384684324265, 0.138776496052742, 0.03914503753185272, -0.15619374811649323, 0.4269108176231384, -5.037639141082764, 0.09150901436805725, -0.02552838623523712, 2.233837127685547, -2.1561663150787354, -2.8192765712738037], [-9.32310962677002, 0.009341595694422722, 0.797264039516449, -1.0963165760040283, -0.7527111172676086, -0.4417971670627594, 1.6864111423492432, 0.46669062972068787, -0.1177273690700531, -0.058100320398807526, -12.012020111083984, -0.6044285893440247, -0.4827575385570526], [0.254635214805603, 0.10190222412347794, 0.3955191671848297, -0.7933765053749084, 0.21999303996562958, 0.372250497341156, -0.00833562109619379, 0.3216952681541443, 0.2156049758195877, -0.07775738090276718, 1.9214216470718384, 0.2565406262874603, -0.33768200874328613]], "_stack.Linear_2.bias": [5.22319221496582, -2.6407899856567383, -0.7064324617385864, 1.934121012687683, -2.4410362243652344, 2.925206184387207, 0.04393324628472328, -0.07898680865764618, 5.629560470581055, -3.722602367401123, -0.9456384181976318, 0.4536721706390381, -5.996551513671875], "_stack.Linear_4.weight": [[-0.21300698816776276, 0.26205721497535706, 0.09489616006612778, -0.26148778200149536, 0.39951980113983154, 0.1511722058057785, -0.017764687538146973, 0.13544349372386932, -0.2595086693763733, 0.07558585703372955, 0.10962478816509247, -0.12345238029956818, 0.1650802344083786]], "_stack.Linear_4.bias": [-1.5328294038772583],